,출근출발_EE,출근출발_EH,출근출발_EW,출근출발_HE,출근출발_HH,출근출발_HW,출근출발_WE,출근출발_WH,출근출발_WW,출근도착_EE,출근도착_EH,출근도착_EW,출근도착_HE,출근도착_HH,출근도착_HW,출근도착_WE,출근도착_WH,출근도착_WW,퇴근출발_EE,퇴근출발_EH,퇴근출발_EW,퇴근출발_HE,퇴근출발_HH,퇴근출발_HW,퇴근출발_WE,퇴근출발_WH,퇴근출발_WW,퇴근도착_EE,퇴근도착_EH,퇴근도착_EW,퇴근도착_HE,퇴근도착_HH,퇴근도착_HW,퇴근도착_WE,퇴근도착_WH,퇴근도착_WW,읍면동
0,9460,5827,11016,30884,3324,116253,3037,2730,5540,6072,3105,2400,26188,2298,60942,3199,2311,3087,20733,31042,5407,28069,3352,8505,11984,41095,6137,21828,48640,5078,15573,3194,6182,19370,60755,6065,가락1동
1,4089,2346,1778,29792,1732,105218,1921,1502,2471,3556,3348,2160,15286,1532,48255,1695,2571,2329,15561,30171,3960,26040,4009,7529,9802,30562,3494,15890,46207,4723,16398,3476,4708,9280,60869,4303,가락2동
2,9648,5722,7468,39489,3097,143174,5880,4080,6521,8697,5104,6615,41822,4357,153697,5250,3980,6063,31455,49165,8526,34899,4543,10748,33891,93755,9155,36496,63093,10779,27456,4587,12332,29828,81255,9875,가락본동
3,1577,566,1033,6395,914,26924,686,373,883,1201,659,743,4025,492,15389,587,439,925,3685,5797,1418,4799,1362,1737,3723,10427,1823,4088,10246,1980,2545,1784,1141,1952,17692,1620,가리봉동
4,8221,3446,8454,21696,1936,105313,5974,4088,3963,11207,2039,15839,71145,1826,557557,5395,1528,7073,51400,79390,14572,16169,3563,4913,105438,343341,14475,37377,31179,14853,25030,3159,8519,46031,62558,9596,가산동
5,10410,6956,10375,33348,2936,142224,5730,5258,7131,10475,4068,11486,59565,2743,294200,5708,3035,7291,55244,86075,13173,28505,5931,8335,63895,184324,16856,56662,51657,13532,52819,5917,14770,58868,83773,12691,가양1동
6,2455,1786,1847,14827,748,52726,1082,963,1569,2641,2152,1405,13728,1160,37094,1423,1451,1433,9759,20852,2324,11393,2071,2600,5991,23294,2023,8883,24944,2572,8398,2021,1882,6408,33232,2608,가양2동
7,1907,1478,1376,11908,740,45997,1317,1133,1184,1897,1609,1601,10007,714,46403,834,1140,1670,6544,11183,1544,8499,1368,2227,8784,27682,2784,5144,17976,2401,4735,1593,1612,2967,26203,1748,가양3동
8,2139,583,1427,5312,402,13175,988,641,1077,4465,1150,1930,18230,322,72138,1766,389,1697,34478,25854,3634,4814,374,964,14445,38593,4141,21972,9040,2021,7697,352,1108,12737,7626,2295,가회동
9,3159,2390,1866,21272,1293,78001,1070,1352,1438,3381,2170,1184,19774,1910,52343,1597,1808,1722,15922,39178,4129,13919,5976,4494,6364,26357,3313,21767,29751,3966,23370,3243,7430,20232,51243,5098,갈현1동
10,2955,1767,1387,25228,1774,88899,1481,1317,1664,2626,2499,1621,15904,1647,45780,1277,1830,1573,11505,27362,2685,16872,4521,5614,5853,23456,3180,13199,36002,3930,16708,4718,7383,8265,52898,4626,갈현2동
11,6563,2728,4768,47636,2148,168503,4572,3037,6352,4812,4684,4674,21858,1918,89648,2569,4042,4557,18018,34910,4829,28998,4307,10270,22461,56079,7870,17968,64727,8031,15488,3875,5058,9088,92135,6428,강일동
12,5399,2486,2431,35995,2156,132335,2001,1424,2932,3594,3469,1931,15278,2165,36858,1698,2957,1858,13312,26409,3383,23246,5536,6520,5879,23754,2915,16758,51625,4512,13173,5786,4523,9495,77701,5065,개봉1동
13,3343,1108,1476,23962,2193,91867,1008,937,1927,1977,2998,916,7211,1476,13838,747,2322,1125,7020,13446,1487,13382,4203,4338,3064,10729,1785,9199,29617,2480,6832,4744,2476,4768,53259,2840,개봉2동
14,2038,1462,1316,15971,804,64290,1110,739,1142,1874,1530,939,7869,1062,23521,872,1370,1161,4941,10852,1260,10722,2250,2909,3795,14488,1810,5714,22107,2127,5517,2136,2231,3845,39036,1946,개봉3동
15,3755,1198,2709,15074,713,36389,4445,1247,3645,2675,2182,3068,9358,688,30444,1378,987,2873,7003,10684,2120,15333,766,3130,7156,23109,3828,6371,26182,2938,4190,742,1457,3286,19502,1724,개포1동
16,5540,2794,3763,26282,1382,83790,3338,2302,4393,4679,3396,3160,20748,1385,67514,2618,1760,3905,13925,22945,3315,25398,1946,6692,11566,34068,4342,13627,47062,5812,9617,2221,4127,6870,42870,3647,개포2동
17,4077,1969,3547,20250,861,66875,2438,1498,2892,3910,2529,3221,14362,922,53551,2604,1632,3275,11865,17462,3481,17084,1264,4695,12933,32832,3775,11765,30170,5265,8831,1461,3065,7146,37984,3120,개포4동
18,2135,990,763,15137,1425,53684,939,907,1540,2237,1912,1483,10909,1380,27067,924,1516,1228,7829,16950,2072,11154,3922,4126,4220,17602,2406,8385,21349,2545,8772,3269,3862,4481,33704,2722,거여1동
19,2831,1348,1594,23378,1706,85865,1195,1380,2072,2422,2531,1548,11253,1675,28299,1238,1948,1494,9236,18087,2341,16645,3822,5278,5435,18437,2541,10849,35192,2877,9775,3793,3059,6340,48347,3892,거여2동
20,3694,1654,1535,30859,1933,103997,1607,1743,3164,3469,2967,1892,13912,1748,44934,1678,2224,2830,10506,13342,2109,29791,3001,8818,7040,20452,3778,10194,54726,3176,5994,3914,3166,3510,54071,3167,고덕1동
21,4565,2294,2161,18554,1356,65902,2109,1431,2744,4095,2303,2293,14979,1507,46003,2066,1491,3062,9958,17037,2759,17506,2508,4872,6872,25157,3601,10320,33219,2461,8980,2687,2399,4176,39951,2332,고덕2동
22,4503,3527,3600,21939,1467,83847,2190,2244,3054,4774,2113,2061,28850,1947,63480,2410,1869,2339,16819,38346,4490,15710,3816,4674,9865,39821,3841,21362,31231,4189,22972,3217,5314,17443,50322,4415,고척1동
23,1963,1531,911,18774,888,64807,885,925,1358,1951,2190,1187,9863,984,23959,748,1408,959,5835,12320,1407,13922,1840,3842,3705,14463,1666,6378,28690,2498,5991,1913,2293,3186,39532,2152,고척2동
24,7517,2670,5205,46484,3099,185745,3079,2993,3669,6096,4902,5640,30115,2604,156916,2987,2787,4059,34351,48867,7118,34861,6270,9920,35442,95442,8925,37259,70569,7853,25545,6487,6788,33444,105439,8269,공덕동
25,7063,4705,4087,44325,2594,160485,3399,2840,3535,5943,4861,3020,35701,2237,74600,2787,4584,3053,27404,56557,6959,32220,5569,12489,12766,51668,5513,34646,64025,7206,34501,5045,9525,26866,97619,7527,공릉1동
26,5351,3518,2843,41487,1513,155674,2526,2934,2912,7085,4347,3436,44877,2423,117670,3105,3286,2998,31033,47602,6837,36641,4039,12634,22297,62966,7206,23122,62909,6153,20290,4149,7234,14382,89271,5021,공릉2동
27,7398,3343,4769,26567,1604,90296,3939,2884,3426,15946,3156,5938,44686,1719,108533,4633,2586,4742,24983,36798,5796,23233,2768,6398,27993,63659,5460,41179,50426,6830,18435,3140,5519,18437,53871,4373,공항동
28,5922,4361,3952,37167,1599,140530,2872,3249,3761,5408,4297,2986,29375,1769,92403,2327,2309,2400,25479,39251,5289,37822,4080,8724,17025,50655,4477,26701,65751,6549,21957,4729,6896,17386,81426,5109,광장동
29,11111,3213,6801,10151,1739,32824,3708,3544,4105,8055,1651,6656,38467,1635,234830,4904,1265,5068,69983,74293,15227,8788,2173,3438,48925,154063,15288,63914,14074,11601,33985,2045,13806,41829,22629,16138,광희동
30,3769,1820,2354,12068,1330,52046,1965,1702,1640,4033,1674,1986,20361,1534,47742,1911,1210,2011,13198,21811,2956,9809,3946,3028,9468,25260,3846,12525,21043,2624,8915,2704,2932,8603,27815,3994,교남동
31,1912,796,1108,17403,745,72035,1042,739,1331,1682,1735,1017,4973,689,23210,577,1199,930,4905,5521,1158,13964,1115,3046,4237,12568,1474,4666,27202,1677,2352,870,1164,2819,45304,1638,구로1동
32,6622,3745,3702,28938,2501,103479,3406,3581,3148,7724,3252,4886,41523,2205,136261,4262,2635,4666,21158,37537,6700,19082,4049,6364,29158,91693,8497,16753,42000,7593,13314,5552,5130,11768,60180,5788,구로2동
33,6742,3398,5194,24080,1887,100909,3270,2715,2856,7205,2943,10567,41325,2838,423635,3374,2242,6183,40019,66322,11814,16825,7714,6329,78700,251159,13831,40235,35180,13177,37052,5980,12445,47362,69176,11533,구로3동
34,3238,2127,2105,21914,1864,82980,1481,1304,1764,3071,2571,1697,15786,1959,33516,1610,2492,1322,12316,28168,4701,12924,5709,5514,7307,24227,3095,13871,28868,5294,12214,4561,4782,8217,49648,5139,구로4동
35,7111,4362,5946,30955,2323,146718,3214,3083,3836,6231,3365,4675,38453,3185,130937,3755,2817,3198,39015,72436,10081,21519,6693,6909,25911,80344,7141,43850,45822,8501,39334,6085,8932,45709,93966,10033,구로5동
36,3346,2068,1287,34700,2014,114322,1900,1860,1765,2857,3004,2025,17837,1908,69693,1120,2818,2049,9963,18428,2597,25854,3353,8546,8607,30617,4304,9818,53379,3565,8752,4040,3181,4959,67310,3053,구산동
37,4851,2268,2433,24810,2620,101849,3078,1640,2772,3393,3688,2113,12496,1898,49664,1725,1944,2116,15489,26413,4394,17402,5142,6350,8840,30272,3929,21033,33735,4925,20014,5069,7856,17189,62602,6949,구의1동
38,4521,4935,2977,31377,1673,120570,2145,1658,2512,4186,4471,2745,23793,1746,70628,2018,2601,2414,16962,29543,4128,26739,3616,7870,11996,38226,3945,16424,48588,4514,13560,4506,4401,9499,69080,3608,구의2동
39,5952,2483,3450,32109,2286,129742,3507,1734,3784,5538,4566,3263,27716,2326,92450,2408,2781,2821,28292,54268,6808,23725,6602,6524,19394,63593,6332,33558,44678,6196,30470,5861,7931,21231,78195,6323,구의3동
40,3447,1475,2115,18385,1240,72145,1641,1235,1317,4618,3267,2855,27454,2558,81861,1822,1741,2198,27236,35421,5106,20082,4773,9908,19668,52403,7035,19543,29432,5694,17159,3226,6216,16038,44329,4589,군자동
41,2478,2063,925,20288,1622,79120,1041,1101,1388,1788,2676,950,10668,1912,24979,615,1303,1002,8815,20167,1936,15511,5363,3722,4388,16781,1831,9165,31490,2664,10122,4005,3398,4163,45940,2681,금호1가동
42,3296,2769,1522,26518,2427,107818,1230,1195,2112,2503,2624,1523,13556,2032,38139,1060,2342,1755,8730,16794,1614,18867,4259,5672,4707,18821,2365,9751,40639,2912,8048,5807,2652,4533,60265,3033,금호2·3가동
43,2429,1367,1292,17929,1547,61094,842,967,1519,1908,2517,1070,8712,1599,21747,745,1343,936,9873,16462,1865,13650,3380,4009,4474,14736,1561,9979,26542,2370,8262,3069,2789,5334,36097,2363,금호4가동
44,11346,7748,6856,60909,3974,210809,4857,5481,4881,12456,8577,5921,72189,4905,156253,6085,6473,5113,51078,113849,13228,45034,9956,15075,33203,103392,9791,52786,81301,11996,51431,8608,18944,36663,130896,11256,길동
45,4971,3249,2008,38199,2595,170790,1869,2091,3183,3238,2948,1570,17575,2880,50155,1124,2380,1754,16526,30331,3301,34705,8649,9823,8519,30356,3855,18265,68818,5032,18675,7551,8361,7561,92374,5379,길음1동
46,3964,2031,2035,25859,2869,117968,1805,1458,2873,3204,2396,1539,18971,1787,40983,1534,2427,1494,21962,59384,5143,17927,6140,7034,6644,30413,3277,21021,38104,3589,25658,9075,5596,12402,60947,4135,길음2동
47,5511,5415,4025,31221,3926,109122,2136,1738,2242,4365,2500,2155,26319,1894,66511,2011,1743,1871,30396,45999,8225,26379,5226,7306,12928,38062,4495,46698,41555,5868,35556,6104,7818,42693,75388,6762,낙성대동
48,2091,1319,1122,20587,685,78345,1028,703,976,1926,2327,1380,9819,977,27377,711,1607,845,4875,10465,1444,13558,1330,4400,3385,12289,965,5963,28353,1941,4834,977,1699,3007,47501,1582,난곡동
49,939,465,338,13824,360,51882,341,383,371,571,1195,499,3590,279,9894,314,1119,421,2344,4036,498,9283,227,2673,1843,6159,561,2644,21439,817,1867,260,786,1041,29061,801,난향동
50,1884,1646,1698,8633,940,32671,882,1105,1948,2162,1267,1036,13577,1237,23075,925,1001,1339,7471,19641,2037,7897,3667,2790,3500,13837,1471,7987,14320,2359,8874,2494,3339,4509,19196,2363,남가좌1동
51,3415,1866,1860,25681,1789,91956,1412,1169,2145,3038,3233,2137,17177,2525,41835,1273,2383,1883,15401,28106,4157,22109,5205,12333,8514,24880,4328,15981,39966,4156,15253,4701,5172,8399,49048,4283,남가좌2동
52,5967,2671,4001,9565,1044,33468,2709,1585,2446,7781,1264,4089,32711,1072,110731,2942,954,3120,35736,36679,6278,7641,2268,2430,26186,65110,6588,37867,15215,4626,19976,1747,4610,31440,22412,6272,남영동
53,5714,2549,4505,25585,1171,109219,2240,1372,1987,3374,2971,1532,19041,1388,44496,1664,1826,1224,21407,32055,4237,19066,2546,5506,8869,26690,3153,27708,39119,3860,19419,2824,3964,29991,64707,3656,남현동
54,3925,1023,2813,18838,229,47698,2129,1046,1039,3963,2116,3214,20254,268,72134,2072,925,1269,12722,19460,2969,13635,290,2746,25107,46290,3443,8220,29682,3319,3967,364,1238,5552,29749,1673,내곡동
55,5688,3102,4331,35863,2030,131039,2959,2258,3205,4099,3879,2672,22469,1670,74911,2102,2708,2391,21351,30101,4974,26939,3055,7960,13163,37842,4574,25859,54875,5735,18217,3701,6541,23156,75834,6116,노량진1동
56,4994,5037,4651,23630,1859,75638,2730,1840,3237,3503,3002,2557,19035,1449,62663,2073,2210,2273,17004,26355,3949,15625,2703,6282,12110,32596,4278,21814,30508,5407,15722,2696,4366,28192,43151,4239,노량진2동
57,5383,3751,3496,38938,2273,155654,2516,2495,2633,4229,3437,2366,26225,1872,79478,2317,3013,3157,21597,45176,5327,27034,5035,8491,13284,51891,4857,23330,60286,6136,22629,5630,7497,16644,89286,5642,녹번동
58,12863,6611,10860,24371,2197,91775,4395,4436,5038,11380,3946,10449,41160,1908,291334,5075,1766,5890,75597,60787,17737,26267,3080,11466,77485,173726,20679,73478,39451,16073,44378,3329,13525,78643,55523,15370,논현1동
59,10978,3930,7993,24771,2183,81412,5834,5184,5395,13944,4126,13994,57009,1923,415410,6280,1911,7791,78230,69222,18961,27540,2915,8258,110116,234399,20168,66581,43362,20453,36741,3248,14583,59062,51932,15749,논현2동
60,4601,7365,2482,16920,1256,67690,1139,1469,1518,4423,1768,1620,24664,1226,54101,2284,1396,1751,23754,41587,5504,14005,2898,5236,9885,34484,4256,19299,24938,3267,19553,3123,4817,15793,40790,4484,능동
61,3073,1827,1824,18057,1899,66323,1516,836,1600,3844,2245,2449,21197,1884,72486,1644,1501,2124,14445,20938,3595,13471,3290,4558,13720,40263,4551,13427,26733,4108,9811,4198,3387,10022,41677,3613,다산동
62,5515,2983,3175,34670,2213,140107,2454,2163,3645,4776,4025,2619,23284,2833,73635,2116,2916,2993,19441,37486,5457,26275,6136,7752,13347,49150,4696,20269,51095,6111,18496,5726,6938,13434,84059,6394,답십리1동
63,3750,2015,1770,24783,2168,99969,1765,1174,2259,2859,2622,1886,12811,1860,51324,1453,2273,1682,12644,25199,3677,16377,4894,5694,8804,36558,4262,13365,35798,4398,15225,5085,4775,8091,60292,4472,답십리2동
64,6194,2879,3904,25113,1843,110122,3368,1789,2782,5435,2732,4917,30435,1610,159436,3252,2086,3891,24277,37250,6508,20448,3544,5685,32808,103819,9081,23878,36999,7633,18455,4023,6787,26103,62780,8214,당산1동
65,6715,3108,5649,32543,2233,159094,3539,2226,4276,6116,3651,4205,30224,2072,122617,3159,2365,3543,29374,44201,6339,26921,5288,6219,26043,72410,6706,33229,45687,6262,25306,4744,6962,45685,94062,8429,당산2동
66,2996,2297,1356,17896,1341,57867,1406,1569,1418,3113,2574,1306,16997,1741,31003,1277,1390,1349,7824,16000,2451,11451,2964,4468,5917,18835,2236,8650,24930,4015,8126,3186,3638,4795,35911,3493,대림1동
67,3885,1822,1735,25688,1887,86185,1763,1302,1738,3381,3213,1424,13111,1154,28389,1286,1586,967,14250,22573,3803,15573,3353,5702,7016,23350,3965,16796,35296,6794,10480,3887,3909,9194,51814,6531,대림2동
68,5565,3006,2758,31697,2203,105595,2718,2391,2484,5146,3807,2224,23044,2184,59388,2288,2541,1992,19256,35563,5588,18930,4313,6806,11560,41738,4586,24308,41656,7403,19515,4238,6354,15726,63028,6285,대림3동
69,6561,5714,5107,37179,2315,159905,2772,2982,3673,6328,4107,3196,34885,3025,109972,2946,3265,3866,24108,48805,6603,30093,6206,8919,15365,53989,5747,26075,56787,6651,26348,5187,9894,20449,96261,7655,대방동
70,7335,5924,6655,43106,2559,172399,4076,3931,6154,6397,5638,3927,42786,3165,93059,3126,4538,3748,31501,82260,8463,31461,8153,11280,16957,58950,7127,32537,64749,9828,33778,6821,10529,23877,102205,9287,대조동
71,4734,2830,2823,29685,2255,98350,2378,3923,3208,5224,3627,2760,32924,2710,112207,2596,1720,3054,38240,90345,9366,36326,7459,9300,15470,51942,7566,34959,47796,7120,65789,7257,21276,22252,48480,9416,대치1동
72,11367,4370,7012,36572,2107,117913,6333,5159,6508,11874,4374,11734,59106,1892,352451,6365,2144,9101,77844,99334,16622,35627,5041,9507,83912,178687,22145,59875,57215,14388,67997,5348,23434,43055,61042,17391,대치2동
73,8534,4402,5762,23661,2836,93798,3807,3965,5921,9324,3169,8626,42830,3340,268755,4392,2138,6328,68049,108774,17418,25309,10142,10487,57567,141594,19698,76391,36204,16427,97424,8783,40494,65781,56886,29621,대치4동
74,4054,3820,2699,20367,1254,70904,1673,2466,1228,8726,2165,4981,55401,3765,170700,2609,1800,3051,44310,57149,6569,22005,4362,6363,52721,108356,6729,17153,32727,7340,18313,2280,8533,9382,43212,3210,대학동
75,5397,3127,3520,24134,2201,92093,2030,1991,3154,5232,2463,3176,35070,3012,108602,2015,1839,3256,39725,59234,6606,31013,7071,8969,24836,67226,8813,31586,40902,8079,33278,6445,12084,22891,54301,7573,대흥동
76,8766,6187,7831,38679,2191,123140,4671,4627,6379,11517,5707,8051,60790,2639,192648,6219,3360,6280,41492,57965,9118,42085,3882,10982,48762,106004,13434,32162,70379,9855,23672,3407,7995,29601,68026,9727,도곡1동
77,6247,4015,3872,35351,2715,103796,2741,2811,3248,5445,3448,3885,29630,2516,133816,2860,1628,4064,28935,48040,5929,36928,5759,9813,25803,66065,7103,28796,55010,5885,24793,6330,6032,16968,49398,5053,도곡2동
78,3497,1618,1900,26754,1970,99990,1533,998,1822,2600,2842,1151,9868,1428,26343,1053,2048,1312,8407,12776,2198,18128,4168,5569,5202,17399,2595,10510,37813,3580,8048,4724,3868,6027,57212,3659,도림동
79,3988,3017,1992,24042,1305,68906,2015,1193,1596,2874,2699,2243,21119,1017,39112,1866,1974,1557,13636,36762,3924,13757,2207,4479,7147,28920,2875,11741,32250,3834,9766,2534,2696,7683,41903,3063,도봉1동
80,3107,2373,1959,21845,1212,70649,1374,1290,1774,2317,2392,1387,12757,1485,34373,1222,1864,1277,8275,18033,2101,12743,2319,3605,6638,22083,2405,7707,30531,2537,6776,3019,1676,5069,38595,2239,도봉2동
81,4288,2377,3161,17088,1200,66063,1330,1146,2237,3850,2038,2417,17508,1454,62481,2010,1341,1953,22816,32159,4393,12885,4683,4171,12980,39134,3866,33197,26795,4289,23526,2784,5125,38991,42494,7290,도화동
82,5633,2364,4626,31225,2054,148515,3403,2479,4009,5092,3768,4672,21705,2347,117390,2643,2391,3776,18253,28940,5871,23093,4034,7487,21038,71705,7482,18710,44847,7259,13809,4530,5422,13811,88233,6645,독산1동
83,2060,1629,1461,13875,965,51018,701,700,1009,1400,1433,627,6672,725,12217,634,876,746,4720,8715,1451,8617,1587,2644,2384,8384,1357,5679,19420,1996,4897,2535,1391,3669,30990,2292,독산2동
84,3188,1348,1789,22973,1317,87418,1689,1180,1947,2163,2808,1703,9245,892,37440,1072,1776,1595,7411,12373,2383,14843,2025,6007,6414,22758,2993,8579,31640,4092,6223,2948,2818,5285,51473,3704,독산3동
85,2464,2267,1373,15748,873,56531,1016,726,1223,2011,1620,1406,14107,1013,22067,1133,1205,1139,7923,17981,2861,9514,2726,3685,3742,15683,1658,10044,21101,3210,9824,2139,3181,6790,35533,3723,독산4동
86,1915,821,793,18730,1280,65416,739,665,1106,1658,2250,886,7406,1014,25301,577,1327,1145,6960,14111,1314,13369,2873,3409,2983,14581,1498,7949,28070,2159,11289,3772,5491,4550,37886,2475,돈암1동
87,1629,480,431,16918,1541,56401,591,373,1209,982,2047,657,4423,1298,23597,266,852,671,4815,8460,656,11856,3739,3188,2684,11526,1299,5193,23971,1378,3702,4401,1804,1274,28219,1900,돈암2동
88,5283,2661,3133,29636,2111,116369,1806,2104,2359,4272,3544,2664,27529,2530,109096,1805,2082,2793,30856,56397,7614,24812,6463,8726,14335,50764,5924,41679,45079,6894,43210,6899,13988,35014,72712,8662,동선동
89,1902,926,1031,13533,1435,46604,1164,974,1417,1506,1673,1370,6825,1300,36257,667,1075,1177,7328,11543,1988,9700,3370,4159,6169,23216,3409,7987,19062,3391,6279,3456,3785,4905,26717,2784,동화동
90,751,709,471,1801,280,5960,568,840,1149,770,384,574,2962,233,21197,401,176,1112,1391,2262,437,1898,234,488,1895,6502,1400,1004,3258,605,816,306,397,638,2920,493,둔촌1동
91,5528,3421,2721,30219,1874,99657,2708,2667,2678,5126,3384,2997,23824,1735,73526,2658,2305,2533,18467,32571,4820,25197,3575,7445,13296,44616,4834,18819,46257,5140,15217,4183,4780,11461,60363,3837,둔촌2동
92,3583,1828,2614,27697,1862,125186,1912,1764,2810,3388,2983,2676,16013,1533,78087,1602,2066,2183,17375,30181,4143,22771,4049,5691,16869,52179,4322,18504,40925,4935,17191,4143,5492,13874,71660,5606,등촌1동
93,2219,1273,1071,20869,1142,79180,973,1386,937,2210,2615,1143,12021,1136,46608,1003,1315,1224,7013,11759,1462,18914,2127,4574,5539,18695,2287,6541,34041,2132,5074,2632,2043,3166,47435,1475,등촌2동
94,14105,4700,5841,34535,2056,131837,4686,3711,4749,10433,4421,6454,58684,2429,184403,4778,2795,4916,50212,92752,10815,26811,6741,7981,29928,99597,10096,54802,51362,8862,49171,5704,10530,37733,80662,11699,등촌3동
95,5252,2768,3280,28123,2363,98973,3976,2092,3045,4626,3004,3257,21583,1863,86673,2408,2285,2768,18827,26870,4488,21807,3033,9240,14558,52866,5932,22683,40782,5726,15001,4402,4050,18407,56169,4538,마장동
96,2104,1105,985,18763,1001,57120,1040,631,2086,1120,1875,922,5392,640,11798,589,1586,791,4571,8200,1139,11347,1731,4253,3035,9030,1323,4768,23731,2338,3188,2791,1040,1995,31083,1778,마천1동
97,2329,1190,990,19559,1183,59109,1336,1089,1346,1994,2817,1412,7839,1357,19445,906,1866,1577,7030,16576,1930,11419,3745,4682,3299,14749,1857,9002,25065,2534,8477,3416,2687,4038,34830,2530,마천2동
98,1610,766,668,16352,1016,49189,996,670,939,1463,1758,1215,7069,1073,35987,628,1386,1039,4948,9663,1334,10853,1839,3727,4322,18253,2146,5776,22529,1936,4328,2565,1992,2781,33115,1886,망우3동
99,5691,3861,4252,36390,2268,138691,3104,3045,3984,5085,4292,3203,29269,2410,88494,2742,3342,3063,23290,58340,6747,24957,5348,9353,13162,53862,5844,26899,50253,6584,30693,3941,7918,18490,87676,7100,망우본동
100,3239,1841,1307,23412,1256,88039,1450,1042,1425,2920,3478,1810,14402,1690,31989,1221,1639,983,22962,34367,4494,18862,4655,6714,8397,24513,2919,26749,33087,4263,20939,5826,5167,16878,54903,4203,망원1동
101,3223,1997,1751,21998,1247,79793,1555,861,1343,2330,2844,1380,9542,874,18837,1149,1536,999,13190,17568,2545,17042,3451,5873,4517,13483,1996,14692,31283,3015,10814,3493,3093,7441,46888,2676,망원2동
102,3099,1947,1557,26240,1439,96371,1421,1231,1461,2535,2979,2316,13716,1287,46882,1189,2211,1904,9807,17504,2672,19948,2727,6503,7684,30550,3219,10196,37788,3556,8176,3731,3313,6368,57543,3337,면목2동
103,3684,3447,2668,24806,2062,94404,1433,1578,1770,3782,2897,2169,23748,1945,63123,1885,2374,1935,14047,31239,4058,17411,5348,5912,9807,38289,4116,17025,37059,4526,18979,4180,6711,12623,60581,5333,면목3·8동
104,2937,2016,1481,19998,1156,73664,1210,1240,1657,2274,2074,1383,12919,1106,33302,1060,1618,1310,8319,17443,2248,13562,2380,4187,5407,19515,1855,8115,29018,2729,8343,2869,2498,4999,44931,2328,면목4동
105,2168,1532,1328,16412,1150,58356,838,722,1838,1624,2200,797,7412,858,18550,616,1477,760,5505,12006,1520,11674,1862,3896,3293,12118,1380,6086,23475,2059,5103,2557,1589,2955,32255,2378,면목5동
106,3110,2901,1921,26861,1483,94420,1097,1281,1795,2454,2439,1378,13050,1939,35496,1168,2181,949,10017,22702,2790,16241,4361,5639,5084,23795,2378,11865,37489,3429,11892,4009,3398,8059,59538,3376,면목7동
107,3705,2011,2639,33823,1856,141085,1896,1129,1894,3367,3683,2536,17488,1521,52095,1613,2740,1551,14894,33166,4366,23724,4555,7244,7823,36896,3331,17905,47562,4971,16514,4828,5414,13692,88373,5820,면목본동
108,17072,4192,11060,5598,1517,16169,7171,5559,9119,18701,758,19967,93229,1200,716687,9970,394,14170,149944,126138,26538,6983,1297,1884,155712,390573,54315,150055,9675,19797,66333,1476,17468,105930,9779,32519,명동
109,5509,7014,3736,30969,3255,104276,2169,5073,4866,4456,4410,2277,26201,3601,55361,1675,2846,2692,17333,39479,3997,23164,7703,8003,8205,30883,3981,21436,45873,5966,26272,6238,9962,12478,61853,7863,명일1동
110,2854,1932,1083,16750,1868,52732,1115,1535,2179,3145,2166,1116,19213,2013,49707,1311,1752,2627,15489,46156,4450,13014,5499,3929,5853,29212,3849,16914,23580,3759,32975,4753,15135,10306,30246,6630,명일2동
111,6246,5587,6133,25628,1944,101475,2842,4041,4040,6556,2732,3946,44533,2247,111686,3591,2148,3175,44492,114480,10805,25352,5879,7573,19157,65024,5945,47059,41539,7229,70354,4895,14502,39031,55353,7889,목1동
112,4099,2468,2109,36441,2031,150711,1371,1219,2593,2967,3528,1793,16393,1687,43959,1097,2888,1783,12971,19452,2377,31244,3992,8532,7312,24168,2828,14454,57311,3605,11338,5027,3616,8015,85087,3987,목2동
113,2099,1344,623,13951,1242,54414,684,740,1099,1700,1531,852,8305,1186,15471,576,1007,665,6399,14407,1376,11448,3149,3032,3182,10545,1198,7742,20930,1970,6776,2619,2203,3238,31652,1851,목3동
114,2692,1729,1259,26514,1346,97544,1121,1157,1719,2952,3455,1501,14637,1761,42109,1062,2237,1661,10970,25169,2430,25396,4162,7624,6062,22845,2564,12497,41730,3737,16735,3287,6433,7311,57647,3432,목4동
115,5234,5511,4345,32467,1334,120848,2994,3557,3782,5409,2784,2059,35453,1076,66471,2372,1886,2140,25104,56056,6087,29459,2694,5294,13769,44384,3853,23432,52076,5520,41767,2767,15400,18059,60988,6958,목5동
116,1343,1204,904,8618,355,27211,321,586,473,3272,1050,464,13940,550,13107,1012,703,517,7590,10288,1162,6292,1097,1495,2230,9183,703,3865,13242,734,3482,981,1391,2005,15586,967,무악동
117,3952,5226,2573,31351,1628,115764,2070,1994,2635,2972,3135,1673,19179,2182,52491,1342,2532,2124,11270,25541,2541,23474,4194,7450,6939,26916,3427,12815,47029,4555,13328,5357,5928,8676,69621,4483,묵1동
118,3858,3231,1993,24921,2180,100990,1450,1007,2037,3008,2340,2001,16672,1619,40699,1464,2769,1530,12671,27234,3415,18240,4705,7070,7508,26541,2688,15158,37086,4551,15323,4169,5222,9721,62164,4395,묵2동
119,7812,5144,6562,26201,1843,116601,3390,3063,4413,7312,2997,5934,40195,2183,202726,4196,1824,4684,33664,47926,7508,24335,3520,5956,39162,123490,9260,35167,45754,8253,26515,3882,7438,37327,70162,8038,문래동
120,3629,2131,2087,20792,1742,76386,1807,1695,2693,3402,2615,2909,16128,1811,74875,1451,1716,3062,15658,23620,3821,20222,3018,6084,13197,39576,4845,15685,36236,4385,12278,3638,3897,11074,46146,6223,문정1동
121,11659,5659,9655,24990,3669,117244,8366,5122,9230,10249,3635,11203,53451,2660,350844,5457,2345,7283,48613,96300,13567,19675,5503,5675,72236,200925,15755,42016,33191,13532,42460,4649,20552,35514,68326,14350,문정2동
122,3513,3107,1978,29399,1418,112427,1409,1838,1419,2570,3307,1578,12784,1557,40601,1151,3038,1456,9255,17222,2251,18852,2252,6174,5907,21977,2462,10363,40009,3761,9547,2792,3742,7060,67381,3326,미성동
123,3532,2724,2065,20541,1825,75658,1826,2345,1875,4032,2984,2328,29467,2173,94599,2049,2198,2197,19301,46850,5835,13947,5074,5822,15626,53938,5014,19951,28376,5510,21187,3629,7813,15261,49944,5595,미아동
124,6508,2147,4000,31197,2903,114385,2617,2477,3690,6188,4202,3925,23300,2248,96577,2391,2017,4298,35450,35355,6849,34056,5275,10957,24343,59831,9956,33788,50768,7857,19780,6586,5807,24612,65824,8094,반포1동
125,6417,5121,4991,17909,1576,49761,4028,2239,4145,5983,2393,3680,33898,2094,83219,2966,1184,4118,23234,32040,5237,19981,3124,4956,13274,45241,6249,21878,32255,4883,18181,3085,5647,12141,26035,4131,반포2동
126,6225,3889,5218,21176,2031,71256,1919,2146,4002,6027,2247,1904,28339,1658,45111,4011,1286,3008,30826,58956,6829,19539,3746,5304,8958,30638,3847,36797,34587,4131,29213,4018,6088,19810,38626,5784,반포3동
127,13437,9244,11522,35572,3707,101986,4489,6197,6574,18882,4167,6179,101953,3536,181904,6926,2205,5043,91978,180127,19523,26804,8731,6294,36808,114685,10198,101184,48036,9476,84388,6822,18681,70948,57355,10312,반포4동
128,854,652,718,1016,139,3030,641,358,691,868,129,584,3646,124,10002,583,81,721,3574,5172,880,1067,112,392,1866,6870,812,3178,1431,511,2976,161,538,1933,1326,396,반포본동
129,8548,6395,7437,31496,1931,125533,3517,3846,3648,9319,3409,4459,58385,2321,137006,4563,2604,4153,31199,51857,7312,29915,4090,8502,23138,66863,7389,22646,57079,5904,21427,4594,6933,17605,71598,5330,발산1동
130,4212,1883,2458,24655,1311,88010,1649,1114,2456,4364,4119,3314,23642,1129,84855,2276,2039,2829,22919,34154,5609,21662,2562,5406,19669,51571,5113,19702,39730,5655,17268,2796,6099,16809,50753,6569,방배1동
131,3821,2664,4120,14241,1168,47024,1590,1160,1889,2985,2158,1995,17033,1039,55774,1581,1248,2303,22840,35079,4172,11414,2472,3585,11064,32871,3362,34179,23029,3952,28019,2236,4734,42031,28461,4797,방배2동
132,3279,2852,2284,15639,647,46218,1774,1841,1834,3476,1845,2338,19136,682,65233,1799,816,1883,11052,16887,2669,13608,1044,3322,11142,30801,4490,9602,27626,2349,7270,1437,1791,6110,25453,1896,방배3동
133,5443,3169,3269,32865,2052,105603,2602,2815,3042,5285,4117,3967,27016,2582,111019,2644,2695,2859,24570,43927,5585,27312,5610,6522,20972,65714,6523,24034,48925,6847,24563,5047,7618,17477,57851,5979,방배4동
134,3956,1704,2080,29414,1722,81762,1834,1776,2560,3332,3408,2337,15163,1190,56297,1588,2005,2187,13715,22193,3211,25408,2929,5732,11508,34521,3280,16184,46792,5019,13536,3703,4949,9818,44254,3894,방배본동
135,3344,1836,2150,20199,1225,64886,1553,1616,1625,3396,3080,2144,16587,1328,57478,1639,1471,1825,21789,59223,5365,16586,3434,4122,10403,36278,3301,25546,31741,4796,59319,3019,16464,22636,38546,6652,방이1동
136,11420,4906,6044,30318,1997,128900,3420,2721,3819,7095,4646,4157,30226,1919,114296,3345,2823,3847,45656,54987,9045,25672,3878,8240,22840,71863,6602,74250,44838,10073,51737,4113,17316,59096,80374,18129,방이2동
137,4286,2597,2328,25648,1504,84982,1769,1537,1793,3828,3055,1814,21950,1563,62175,2222,2157,1565,17465,48712,5307,15416,5514,5411,10528,43457,3722,20703,31977,5674,25389,3404,7121,14173,48832,4792,방학1동
138,1823,1325,660,15208,820,38914,857,596,856,1691,1899,1028,6780,699,15524,601,1239,704,5107,12265,1528,9540,1712,2760,3180,11267,1326,5930,19801,2181,5784,1877,1995,2958,23081,1954,방학2동
139,2678,2537,1500,32617,1300,89556,1441,1069,1382,2522,3445,1300,14249,1319,33308,1075,2260,1146,9357,17058,2075,22389,1776,5429,4842,16798,2133,9681,50212,3271,7982,2407,1827,4923,52622,2069,방학3동
140,4128,2292,2475,36415,2181,120412,2351,2175,3595,4007,4118,2926,18112,2270,52965,1774,2884,2571,16754,35486,4410,26885,5725,7290,10118,34345,3914,17458,50261,5163,15807,4305,6117,10228,70306,5858,방화1동
141,6351,1934,4247,21042,1270,66158,2830,1640,2527,6891,2629,3243,20888,1179,48797,3000,2000,2467,27393,45204,6031,14174,2012,4422,11814,31359,3417,26336,30577,5043,19431,2432,3558,19797,40085,3691,방화2동
142,2986,2605,1646,18973,954,68299,1268,1527,1109,2199,1943,1013,12719,960,32786,1120,1389,1178,7959,16862,1895,14754,1370,3388,4941,19073,1631,7770,29271,1970,6260,1744,2311,4194,41343,1504,방화3동
143,3837,2554,1993,22462,1768,81662,1755,1589,1821,3391,2330,2423,18864,1640,66554,1775,1950,2188,17697,35014,4958,14911,3842,6248,11641,46972,5555,19981,30526,5557,19531,5198,6754,14836,46002,5392,번1동
144,2539,2630,1604,23452,992,73418,1580,975,1367,1970,2280,1870,11777,1003,29818,1203,1935,1286,5752,12214,1631,14815,1564,4051,4936,17018,1660,6051,33523,3126,6383,2394,2472,3741,42142,2609,번2동
145,2348,2165,1012,19247,739,59708,957,702,769,1981,2041,1131,9773,617,24790,875,1223,894,5953,13643,1603,11164,1150,3655,3736,15353,1291,6441,27086,2049,5966,1109,1503,3550,35142,1631,번3동
146,1963,1152,1140,13145,998,42040,826,600,679,1677,1756,1000,6724,713,20010,723,1123,799,6917,8981,1331,10444,1381,3692,3848,11539,1886,7819,18911,1887,5159,1374,1603,3819,24596,1617,보광동
147,2216,1155,1320,20662,1636,83609,994,953,1594,2054,2722,1051,10557,1784,25810,992,2106,878,8319,17498,1959,15226,3031,5509,4130,14683,2261,9005,29094,2650,7157,3902,2451,5761,49244,4076,보라매동
148,2750,1603,1793,22656,1706,92965,1515,1388,2372,2553,3063,2073,12398,1313,49649,1224,2044,1878,10546,16798,2950,17705,3278,7195,8164,31220,3678,12037,33812,4143,9662,3591,3873,8245,53685,4460,보문동
149,2472,1292,1968,17695,487,49113,1215,1126,943,2867,2350,2269,15183,677,55311,1243,833,1213,14238,20062,3111,15262,827,2520,11611,27997,2820,9364,31228,2726,6502,772,2441,6052,27391,1536,부암동
150,2798,1338,1452,21142,1473,70170,1323,1449,1530,1767,2552,1235,8146,1471,27398,704,1395,931,7572,13652,1600,16487,3367,4221,4379,13333,2068,8416,32843,2465,6526,4508,2456,3200,37833,2235,북가좌1동
151,5887,4375,4596,48947,3060,166261,2699,2363,3866,5070,5339,3213,26884,2806,72939,2206,4028,2692,22112,44360,5575,34119,6340,10954,13831,41232,4755,23068,73741,7106,22285,6734,7825,13022,98841,6482,북가좌2동
152,3038,1657,2220,14653,1764,58413,3100,1916,2168,4134,1700,7704,18763,1882,145038,1755,1327,3495,16535,17326,3376,11288,3140,3816,47393,73711,6019,10144,23303,6048,6110,3337,2623,6750,32416,2632,북아현동
153,3990,2215,1912,41469,1881,143711,1403,1337,1855,3054,4718,1624,17302,1852,32200,1367,2890,1597,13432,29292,3064,26187,3944,6933,6496,24086,3119,15919,60331,3727,12857,5395,4228,9717,84442,4214,불광1동
154,2891,1719,1405,29862,1482,98664,1421,1019,1519,2936,3265,1437,16114,1398,50268,1175,2385,1445,10385,22057,2518,19591,2764,6011,6487,25991,2277,12039,42729,3599,10660,3291,3463,7932,60348,3115,불광2동
155,4624,4273,3597,16075,1498,50518,2028,3348,2555,7533,2510,3353,56108,2137,126560,3403,1281,3043,46802,59197,8990,22037,4322,6602,31018,71839,8836,36498,28216,8058,31227,3996,9472,29259,31868,6816,사근동
156,4129,2124,4022,23764,2035,104548,1523,1503,1802,3270,2869,1946,19432,2053,52403,1590,2281,2033,25470,38567,4571,17168,5118,5691,10005,34461,4328,35930,32904,4705,27990,5588,7001,41027,64043,5269,사당1동
157,5553,4106,3769,35476,2006,137039,2357,2030,2940,5349,4407,2954,31270,2286,70398,2394,3017,2611,26368,57230,6312,24571,5683,6969,11396,38833,4642,32807,54097,5605,27503,4421,7218,29400,81171,6518,사당2동
158,2941,1187,922,27172,1617,91590,1068,1211,1324,1823,2826,1074,8835,1205,18110,833,2477,1108,7481,10348,1339,18489,2399,4517,3702,9999,1655,8181,40630,2443,5386,3759,1486,3401,51889,2121,사당3동
159,2085,1363,1102,18855,1183,73215,920,901,1534,1893,2031,989,8556,1194,18410,711,1788,813,7072,16003,1517,13459,4430,3835,4237,13233,1636,8794,25586,2608,8176,2887,2770,5204,43324,2596,사당4동
160,2296,1973,1120,16990,1211,59835,944,1278,1223,1618,1753,992,9938,1401,24875,700,1234,1091,5282,9842,1116,11952,1817,3024,3401,10270,1709,5699,26958,1911,4237,2596,1229,2777,35058,1790,사당5동
161,8352,4385,8176,13018,1055,40774,3627,3807,4516,12720,1849,8731,61839,1470,264304,6759,1277,5451,72886,70800,12750,10911,2138,2324,60667,148449,13178,76817,19726,9439,41225,1343,8370,62550,24144,11326,사직동
162,2606,994,945,27388,1301,105567,1060,1288,1535,1905,2701,942,8949,1377,31202,827,1924,1174,9517,17989,1894,20312,4381,6514,4970,18059,1964,9741,45113,3063,8802,3728,4187,3671,60663,3412,삼각산동
163,4381,3205,2658,26081,1931,108281,2304,2188,2375,4641,3364,2801,29751,2259,96613,2500,2558,2811,28438,57395,6675,24380,7016,8433,16834,55147,7253,28673,42465,6777,31039,5573,9285,20792,66924,6439,삼선동
164,9827,4615,8936,13672,1315,43581,4916,3973,5792,19837,2440,13098,91761,1421,430919,8457,1046,8032,125609,126368,25260,14087,1897,3751,104387,238338,19172,89944,22595,13538,58692,1800,12381,83327,24749,18640,삼성1동
165,10506,3856,6456,34934,3167,118868,4599,4007,5634,10374,4822,8452,48143,2354,269724,5216,2355,6372,58576,62152,13292,38212,4496,10302,70692,157650,20048,47286,57674,14456,25500,4208,11214,34295,63686,13643,삼성2동
166,2322,1497,1101,25483,1005,73919,1228,922,914,1807,3098,1420,9136,1228,34227,698,1810,994,6498,13237,1429,15867,2527,4267,4582,18169,1856,7348,35767,2779,6666,2252,1940,3746,46633,2146,삼성동
167,3033,1712,1347,28033,1567,104035,1482,1491,1646,2430,3265,1586,12180,1471,40782,1008,2477,1463,7953,18080,2227,19737,3391,6391,5945,23084,3324,9585,42085,4086,7745,3699,3312,4372,58624,3363,삼양동
168,4446,1679,2044,30843,1735,129191,1929,1096,1949,3300,4113,2527,13817,1192,47126,1477,3183,1836,14427,22383,3298,28029,3395,8869,10841,28877,3413,15832,47729,4489,11862,4889,4673,8412,77322,3829,삼전동
169,1728,955,988,3762,205,7682,734,663,609,3418,458,1769,9410,162,41345,1383,191,1026,29866,19454,3225,3809,264,700,9728,23609,2090,16111,5983,1278,5144,223,658,6672,5009,729,삼청동
170,1840,1004,867,12258,1226,42490,662,885,1054,1718,1598,707,11314,918,22888,956,872,977,12121,23010,2538,9093,2589,3036,3178,12712,2777,10154,18479,1956,9963,2807,3947,5849,24692,2861,상계10동
171,4611,3344,1977,39094,1398,132129,1782,1676,1999,3144,3668,1907,20957,1274,46544,1712,3181,1436,14095,33286,3794,25517,2540,7491,7597,25398,2373,16980,57263,4005,16051,2772,4351,11490,75161,3678,상계1동
172,4904,4154,2835,33690,2877,122292,2165,3350,2590,5080,4085,2541,32659,2504,79899,2273,3612,2391,37235,85556,8881,24075,6756,9274,10535,51896,5878,48592,47966,7033,57868,6266,15852,41645,74068,10383,상계2동
173,3481,3274,2619,27081,1014,85820,1761,1623,2727,2268,2908,1494,14392,858,26349,1317,2478,1140,8213,16954,2276,16900,1405,6440,5074,19012,2205,8819,39276,3313,7455,1721,2672,5312,48570,3132,상계3·4동
174,2187,1333,830,23540,1241,72207,1222,1091,1324,1826,3083,1200,9323,1326,20813,778,2113,1076,7837,18128,2019,14535,3749,5846,4106,17032,1958,10016,30732,3137,10308,3538,4115,5265,43134,3268,상계5동
175,7967,8743,5062,38470,2299,140243,4034,5001,3931,8953,4057,3590,75435,3014,153387,5098,3977,3918,42441,102537,10242,32242,5381,9463,20917,85095,9305,37893,61007,8387,46047,5456,13086,30887,86466,8896,상계6·7동
176,2728,2678,1499,25836,1416,110584,966,1231,1498,2950,2721,1239,17918,1698,32369,1233,3342,1508,10637,25842,2174,20765,4016,6060,5264,17596,2052,10880,41464,2686,12258,2703,4087,5670,63582,2925,상계8동
177,2216,1401,1341,25240,1435,89676,1174,1736,1247,1776,3012,1257,10510,1416,47728,660,2707,1134,7393,14611,1431,20672,3163,6118,4551,15945,2057,8066,40590,2307,7353,3735,3031,3284,52367,2580,상계9동
178,5311,2738,3846,52263,2925,177257,2456,2273,4449,4331,5954,2857,26884,1870,61655,2204,3714,2161,24504,41083,7061,40876,4077,13836,16261,41517,4568,23108,77287,7438,20197,4510,7418,15236,104397,6364,상도1동
179,4000,2472,2403,24591,1802,90830,1795,1586,2998,4027,3166,2069,20808,2414,46540,1821,2098,2075,16814,41525,4461,18470,5996,5601,7980,30509,3881,17766,35659,5253,19717,4486,6854,12537,56159,5929,상도2동
180,2278,1500,1156,22757,1895,90605,1142,972,1474,1880,3092,957,8345,1157,21580,888,1913,940,6685,15901,1902,14765,4199,4329,3382,11785,1715,8095,29083,2529,7050,4182,2265,4524,54334,2308,상도3동
181,3592,1939,1838,37443,1869,142584,1587,1182,2287,2714,4274,1916,12469,1883,34276,920,3216,1843,8661,15665,2051,25304,3768,7900,4991,19778,2542,10401,56003,3679,9018,4709,3433,5133,82180,3090,상도4동
182,2111,834,1047,21283,1370,71045,1207,910,1280,1707,2966,1122,9188,1010,30340,739,1367,848,6701,11320,1549,15354,2349,3789,4153,15024,2019,7413,29939,2241,4842,3841,1926,3681,43734,2113,상봉1동
183,5232,3235,4204,24323,1754,107284,2226,1785,2376,4472,2417,2486,26006,2167,63994,2301,2518,1771,29281,74970,8696,17070,6843,6256,10410,47294,4644,37206,32894,5165,46661,4716,8571,33711,70031,6517,상봉2동
184,7128,4846,5987,29100,1496,106172,3937,3906,2795,8645,2269,8784,49046,1096,287444,4310,1689,4030,48365,63544,10697,22312,1349,5212,64485,164664,7244,31376,47379,9755,24502,1686,8916,27531,56238,5097,상암동
185,7337,6769,4228,38786,2553,148319,2327,3468,4173,7182,3408,2934,48634,2866,93815,3655,2742,3753,26313,55564,6630,35821,6209,10029,14701,45205,6413,26557,70928,6371,25652,6845,7008,15832,84511,7863,상일동
186,5127,3380,3520,28001,2081,98886,2399,2192,3337,5514,3568,3133,33753,1792,91230,2027,2115,2340,49634,38489,6678,33173,3561,8895,24789,57904,10363,43562,51243,9059,25782,4782,10071,25546,57801,6947,서강동
187,14221,12573,10148,37549,2786,126536,4374,5666,4652,11836,4710,9341,65363,3091,323262,5313,2567,5601,172076,176059,27734,36251,7982,11800,69738,198397,16554,222669,57715,24156,169726,6376,38139,176960,85714,24166,서교동
188,2584,842,943,23831,1417,86785,868,447,975,1775,2810,966,4281,1032,11709,732,1752,670,5229,7953,1108,18496,2391,5290,2642,9514,1248,6632,35058,2033,4605,3652,1875,2510,48699,1719,서림동
189,5775,5984,5062,19231,1056,52092,2203,1796,2334,5329,2311,2185,21919,775,44800,2672,1026,1240,27528,25627,3561,15199,1061,2986,11584,28788,2582,16454,31112,3705,10945,1288,2003,8387,29390,2124,서빙고동
190,4676,4044,3427,22538,2141,115045,1465,1572,2157,4254,2554,1547,18041,1837,36463,1533,2123,1357,22345,41376,4929,17992,5514,5817,6430,26618,3086,29692,33611,3772,28812,4995,7336,27648,73296,4969,서원동
191,7704,3625,5981,29580,3119,101151,4015,3174,5663,7732,3670,6642,39900,2248,191751,4014,2017,4910,43859,50661,9634,27848,4873,7669,44788,114273,12896,41028,47064,10251,26276,4838,6421,37777,54675,13170,서초1동
192,10848,4327,9415,27281,2565,96594,5854,5224,7911,10792,3361,11414,57744,3458,350201,5842,2063,8385,68871,69181,14516,29160,4801,7366,89130,192446,28157,58980,47947,15198,34145,3955,10146,61990,57577,17132,서초2동
193,16898,10099,14111,42896,2723,155839,10005,10066,9440,18069,5441,18346,105084,2638,591091,10290,3443,11534,97693,131261,23955,38534,3674,10569,134343,336371,28021,96086,67710,24537,79807,4210,20228,87138,88227,17037,서초3동
194,7609,3768,4844,34316,2917,98793,3497,4070,5368,8407,4000,7159,37313,2266,202839,3686,2042,6747,77172,62126,12403,32787,4905,7968,46204,111224,18187,76696,53041,10975,40712,6329,9914,65413,57056,14818,서초4동
195,4294,2100,1916,31605,1965,105653,1691,1043,2041,3081,3490,1826,14805,1766,45653,1154,2423,1537,13406,25711,3473,19827,3800,6527,7742,27436,3106,16873,43422,4423,14940,3932,4078,12266,60695,4151,석관동
196,6352,4121,3435,31735,1929,135573,2396,1941,2872,5294,3953,3212,26479,2376,75907,2592,3055,3053,28079,44201,6038,27344,4829,10021,15168,46769,5700,33788,45592,7215,26194,4401,8486,21193,82295,6541,석촌동
197,5134,3795,2701,25974,1939,89066,2761,2197,2397,5298,3520,3319,25489,2930,98635,2655,2410,2870,20403,37965,5297,21294,5905,6833,18059,56975,5431,19121,39995,5872,18913,4913,5638,13597,53328,4375,성내1동
198,5129,2791,2570,31398,3181,108663,1946,1755,2530,4091,4237,2407,22719,2385,51650,2016,3056,2475,23415,42570,5319,21035,6691,8191,9777,36119,5074,27483,43973,5097,24559,7055,6683,23865,66279,6460,성내2동
199,7880,5800,4935,36975,2307,128207,3258,2813,3323,7775,4756,3919,34952,2716,99689,3518,3213,4321,30023,59036,8763,26014,6190,9639,18113,65330,7568,34863,49612,6848,38410,4883,11264,27895,78897,8613,성내3동
200,5079,2803,3629,30200,1634,95136,2128,1524,1984,4932,3819,2131,22642,1467,67093,2069,2128,1736,23116,39910,4989,22887,3517,6873,10601,36210,3896,22493,46831,4511,17302,3801,4064,13692,53659,3865,성북동
201,4336,2428,2004,26507,1682,93681,2229,1226,1424,3624,2939,2301,17279,1523,81818,1370,1649,1893,18027,26527,4202,24768,3803,7277,16193,43785,5193,17773,42100,6201,13988,4195,5049,10494,58663,3649,성산1동
202,6647,5037,5242,37078,1691,153786,2504,2329,2988,5613,4119,2740,30974,1628,63779,3069,3044,1925,24784,55336,7081,29737,3289,8577,12116,37044,3304,26175,54666,5318,24055,3106,5497,17774,91449,4400,성산2동
203,4169,3236,4151,16093,1063,58233,2346,1755,2625,4395,2059,3340,22396,1008,98634,2177,1041,2336,32018,28938,5133,13768,1491,3922,23631,56230,6194,26186,26157,5210,15665,2055,3816,17687,35685,4219,성수1가1동
204,4325,2455,3200,14306,1055,57493,1974,1541,2857,4412,1755,4304,24677,881,137055,2475,1427,3203,40883,37009,7185,11363,1440,3154,33300,82324,7216,29992,20956,6187,17874,1548,4679,23469,35501,7348,성수1가2동
205,3897,1258,1935,18002,972,62480,3096,1484,2307,3681,2274,4506,16193,942,125530,1808,1704,3450,27597,31702,6001,12676,2198,4885,25331,78373,9070,25780,22561,6098,16081,1881,3982,15535,38723,4541,성수2가1동
206,7756,4428,6169,19116,1630,69946,5755,4648,4975,8950,2771,11838,53737,1983,434810,4731,1495,8362,70541,65008,13784,16865,2620,5123,86434,264804,19883,57054,31226,15989,34488,2538,12381,45484,41819,12059,성수2가3동
207,3369,1286,935,30142,1937,103969,916,858,1149,1826,2902,1096,8641,1220,24518,824,2092,1177,8161,14144,1551,20017,3210,5569,4205,15329,2227,8742,43719,2904,6190,4251,2360,3185,59422,2472,성현동
208,5359,1389,3915,42056,549,151969,3306,1390,1730,5083,4107,3200,16984,513,43206,3134,2531,2184,15536,21948,4112,33331,413,7557,12075,31150,2824,13904,69204,4599,6619,428,1724,8418,83620,2252,세곡동
209,10769,4147,7533,3421,939,12977,5632,3661,6158,16785,521,15624,81987,993,536837,9064,376,12172,115043,100831,20966,4579,1004,1828,119965,289334,39569,80350,6090,13364,36687,1043,7446,61491,7819,22299,소공동
210,2764,577,1353,11757,1074,42890,1120,397,1055,2143,1374,1432,4137,509,21344,687,885,891,4375,5185,1112,9476,1383,5050,4599,13218,1876,4363,17912,1656,2414,1906,1183,2315,24358,1323,송정동
211,5239,3577,3713,35920,2377,135428,2873,2005,3214,4930,4133,2536,27336,2816,90806,2146,3412,2797,25473,58461,7078,23796,5393,8945,11788,51070,5732,31672,52264,7057,31501,5438,8029,27147,81883,7018,송중동
212,5048,3300,2602,34033,2699,128209,2089,2081,2602,4170,3784,3006,25870,2918,118811,1836,3335,2549,21385,48971,5946,23318,7856,8675,13140,58436,5948,23599,49021,6094,25388,6788,8251,16320,76936,6711,송천동
213,4893,2808,2978,27332,1961,121152,1988,2045,2700,5027,3920,2915,25466,1972,73571,2123,2535,2466,41590,44795,6287,25333,4223,8736,14139,45091,5956,44367,42663,6646,28307,4339,8607,29265,73398,7271,송파1동
214,2333,1618,1047,18987,1199,62890,1080,1713,1621,2270,2177,1298,11970,1816,50058,865,1201,2058,9722,15042,2015,18846,2583,4768,7206,20731,2738,8054,32330,2816,6970,2734,3495,4096,36096,2774,송파2동
215,2208,1578,1692,17807,434,70404,1227,710,829,1809,1366,1513,13056,340,43002,855,1461,988,5168,9109,1597,10760,738,3506,6059,18984,1814,5247,24985,2984,5214,1199,4579,4146,40701,3051,수궁동
216,2679,1078,2719,12670,722,47513,1392,1237,1820,1926,1138,1445,7878,527,20832,1028,869,1310,6887,11502,2536,9889,1063,2512,5274,17862,2662,7479,20327,2219,4620,1124,1914,5966,25331,2029,수색동
217,6888,3772,4430,13840,598,47081,4194,2403,1597,9582,2207,4040,47907,762,128021,3977,1373,2510,21145,45347,5324,9537,721,2575,22014,60929,3469,46657,20773,3900,20170,603,2693,25142,28789,1790,수서동
218,2478,2227,1363,18571,1293,59489,1029,1394,1198,2567,2076,1185,14030,1270,40100,1131,1533,1206,7809,17453,2253,13082,2534,4528,5416,23134,2494,7802,25423,2840,7262,2094,2613,4000,34944,2530,수유1동
219,3763,2560,1797,29855,1924,96549,1649,1054,1847,3235,4631,1584,15876,2167,34149,1267,2428,1514,12541,29132,2951,19190,5216,6609,6170,26713,2616,14787,40967,4111,14840,3835,4750,7413,56318,3947,수유2동
220,4494,4176,3457,26380,1896,94494,1965,2007,2265,4531,2870,2762,25007,2173,78435,2322,2389,2246,25232,60647,7172,16273,5909,6964,12040,52503,5080,36030,35411,6686,40799,4476,12524,33815,61247,8424,수유3동
221,1400,1226,1193,7728,971,31949,503,450,1075,1190,981,598,7717,1315,25125,547,952,925,5336,13048,1605,6283,2724,2778,2817,12059,1719,5906,12550,1430,4906,2104,1773,4186,19151,2410,숭인1동
222,3251,1849,2102,13232,1559,58655,1807,1892,2036,2907,1653,2176,13834,1588,79579,1443,1183,2835,18805,33243,4881,12848,2893,5105,12686,54471,5792,12443,21544,3705,8208,3636,4273,7159,33079,4669,숭인2동
223,4149,3020,3499,20818,1446,84203,2557,2175,3083,4358,2436,2949,26873,2051,70562,2279,2392,2632,16512,46387,6090,13413,4189,5586,11238,41304,4028,20093,28775,5820,24413,2816,8236,18480,54478,5986,시흥1동
224,1756,1077,1114,16641,487,57999,840,659,841,1371,1383,895,7796,523,25146,1077,1531,986,4877,9927,1245,12397,659,3936,3477,12698,1445,4433,25702,1648,4786,910,3222,1821,33597,1669,시흥2동
225,1826,671,1058,9650,377,26986,1483,555,772,1338,981,1332,5795,404,36637,678,644,1189,3700,5744,1108,5331,487,1935,6304,21860,1796,3239,12853,1618,1512,543,808,2230,14983,1045,시흥3동
226,1676,701,566,21195,817,68182,920,337,743,1460,2262,910,5825,646,13412,562,1878,624,4240,7857,1450,12906,1423,4528,2753,9517,1415,4789,28247,2292,3439,2045,1800,2377,40934,1840,시흥4동
227,1976,1217,890,13546,907,43557,774,733,806,1532,1246,664,7028,742,13341,667,1365,594,4611,10717,1230,7609,1640,2807,2099,10019,1141,5107,16024,1893,5049,1915,2468,3000,26072,2096,시흥5동
228,3811,2140,3234,25189,1406,110415,1538,1395,1953,3108,2898,1871,16721,1708,35276,1620,2333,1389,10935,17951,2779,17770,2998,6189,7251,23352,2339,12284,35533,3579,9404,3257,3938,10086,65093,3440,신길1동
229,2101,1369,1307,14511,1609,54840,949,927,1456,1738,1518,843,7604,1492,19085,835,1407,929,6143,11386,1519,10903,3598,3984,3434,12756,1582,6802,21820,2369,6315,3980,2647,3211,30787,2255,신길3동
230,1801,986,987,14215,1130,47112,913,658,1497,1155,1538,701,4842,860,12413,615,1379,684,5312,10283,1166,8602,2975,3675,2758,8911,1242,5882,19591,2192,5163,2727,2224,3178,27118,2103,신길4동
231,1657,2011,1651,8761,922,29024,751,762,748,1446,914,878,9557,1489,25445,760,921,1002,4224,7700,1013,6458,1763,2079,2534,10218,1278,4874,13322,1361,4979,1798,1464,3156,18106,1454,신길5동
232,4882,3360,3937,26737,2151,105055,1872,2257,2774,3275,4207,1501,16587,2035,43726,1513,2815,1708,12370,25351,3000,19032,5598,6466,7262,27511,3205,14516,38083,5098,14041,4226,5573,10077,62434,5147,신길6동
233,2903,1509,2265,18351,1959,76127,1281,1151,1866,2477,2257,1173,12546,1528,31218,1071,1635,1440,8916,19000,2184,15492,3297,4081,5005,16690,2255,10019,30045,2704,10538,4608,3144,6439,44854,2953,신길7동
234,6027,2963,3296,37289,2049,138018,3381,2904,2178,5599,4069,3461,32542,2010,89025,2759,3091,2651,18838,40848,5062,25106,4327,7902,15803,59515,5573,19484,53104,6783,19148,4047,5274,13062,78326,4446,신내1동
235,2161,1754,1091,21759,1219,76284,1022,1250,1217,2183,2984,1240,13367,1381,43925,1079,1919,1266,9023,22608,2284,16465,2741,4327,7394,22530,2908,8368,33355,2979,11191,2976,5262,5362,44753,3266,신내2동
236,1687,928,1202,12237,1507,49665,1218,955,1665,1754,1489,1321,8381,1479,40639,908,1355,1528,8760,15667,2619,9616,3177,4008,5109,19662,2818,10790,19853,3096,7764,4572,3884,8046,29089,4319,신당5동
237,9238,5608,9590,15686,3515,68079,4516,4249,6256,7627,2497,4296,37792,2815,128389,4217,2941,4280,25025,29931,6750,11778,3119,6710,19527,70345,7731,27639,20207,9353,18773,3256,17645,21778,47775,12661,신당동
238,4946,2454,1857,23622,1770,91223,1494,1977,1906,3417,2895,1504,18668,1381,39603,1540,1902,1667,10198,17307,2351,17838,2733,5160,7771,22962,3064,11095,33919,3970,8557,3843,2808,6825,51466,3734,신대방1동
239,5521,10197,3595,23964,2410,102763,2466,3935,2981,8575,2862,4461,59624,2690,153378,3826,2223,3660,24920,58543,6419,21697,4978,6411,28445,90612,9724,19592,39971,4599,26836,5254,5679,15757,61311,4185,신대방2동
240,4645,2089,4251,28542,1439,124626,2184,1629,2444,3909,2760,2761,20493,1232,82759,2063,1578,2255,27151,46348,5415,23283,3781,6168,15312,52093,4414,34016,42549,4794,25976,3590,4998,38940,77623,5418,신도림동
241,5688,4176,4937,23011,2138,141691,1442,1677,2147,4486,3129,1861,20969,2266,37932,1930,2366,1472,24955,45269,5310,20382,5876,7063,6598,28677,3465,32755,31807,4370,31182,4752,8236,29950,89703,7424,신림동
242,2929,1652,1407,34880,1743,129813,1183,788,1398,2281,3588,1288,11379,1569,25808,985,2790,1050,10235,21542,2289,24475,3768,7522,5022,18843,2355,12877,51811,3741,10846,3666,3487,7098,76032,3634,신사1동
243,1912,1475,1228,16948,911,56426,1084,854,926,1624,1914,959,9378,1166,34555,559,1580,1072,5786,11420,1347,13204,1642,3476,3924,14002,2005,5792,26816,2150,5556,2134,2179,2923,33640,1652,신사2동
244,11030,5659,7652,41491,2225,152233,5341,4258,5399,11742,4975,8163,51705,2357,234688,5006,3090,5175,87796,98740,17834,34264,4586,9730,49224,132225,11673,95278,63318,15645,68774,4978,18086,88199,89142,18323,신사동
245,3530,1510,2099,25145,2038,90913,1969,1338,2088,2728,3323,2049,13455,1408,48976,1280,1729,1824,12747,22029,3095,21329,3793,6128,9935,29000,3340,14229,37587,4720,13461,4118,6115,8824,52108,5071,신수동
246,2246,841,1005,17707,1425,78994,826,454,826,1518,2214,865,6821,1190,19735,538,1506,887,6551,9541,1316,13686,2256,4670,3144,12118,1707,7599,24984,2051,5619,3577,1949,4322,45214,2226,신원동
247,2557,1625,1276,20252,1199,64579,1134,678,1328,2044,2650,1099,7224,955,20579,978,1664,762,6866,13523,1909,13794,2187,4603,3711,16156,2049,8262,26872,2581,6503,2699,2062,4229,37767,2376,신월1동
248,1553,818,784,14990,1000,50517,752,530,994,1338,2082,869,5951,847,14753,583,1572,960,4880,11370,1228,10427,2442,3390,2669,11889,1372,5293,20380,1864,4660,1933,1835,2358,27804,1892,신월2동
249,1740,789,816,9950,493,30245,761,507,703,1304,1549,1220,7322,560,35752,699,1022,942,4185,7076,1124,6886,852,2501,3969,16220,1555,4501,15063,1702,3649,880,1025,2675,18445,1440,신월3동
250,1177,539,341,10346,430,36242,680,478,511,966,1311,492,5052,696,12203,503,732,527,3614,8303,1016,8437,1532,1947,2032,9192,923,4817,14843,1279,5145,1350,1306,2593,21445,1200,신월4동
251,1429,854,658,13497,694,46277,639,347,619,1283,1402,800,5866,777,29280,573,1076,739,4806,9335,1444,10858,1734,2802,3226,11967,1221,4944,21040,1408,4327,2012,1268,2684,27693,1175,신월5동
252,1067,790,686,5233,386,14894,550,446,645,1215,806,752,7875,581,16244,630,581,704,3790,9787,1009,3490,1292,1087,2387,9204,1055,3888,6510,1349,4382,959,1440,2193,9284,1036,신월6동
253,2945,3261,1930,18684,661,58397,1307,844,1261,1929,1652,1445,11148,765,25696,1024,1424,956,6706,16326,2030,10630,1361,2940,3863,16392,1298,7925,23830,2845,8694,1327,2273,4405,34998,2398,신월7동
254,2287,1505,1505,12724,1122,45344,849,1363,1609,1908,1246,1007,10986,1259,29486,928,1175,1254,12549,33029,2852,11411,4409,3940,5400,21891,2606,13562,19447,3024,21626,3954,9269,7548,25596,4245,신정1동
255,1878,1464,1431,17441,1180,58760,921,1120,1439,2124,2542,1363,9169,960,26382,845,1093,1345,9563,21113,2124,17011,2560,4363,4593,16692,2433,10229,28901,2732,12654,2690,3956,6806,32875,3349,신정2동
256,6333,5709,4192,51246,2543,187965,3221,3367,3527,4871,5137,2950,29299,2106,87682,2393,3660,2697,18368,34424,4476,42446,4570,14679,13407,43037,5372,19520,81260,6652,16495,5681,5412,10393,112112,5602,신정3동
257,5680,2650,3672,38435,1797,150164,3059,2138,3299,5520,5439,4394,31335,2254,109588,2898,3687,2868,24292,46583,6205,31102,5257,9529,16338,58780,5751,26347,59700,7545,30032,4438,11171,22710,93182,7243,신정4동
258,3435,4015,2340,20919,1712,69770,2025,1878,2331,3293,1935,1654,21638,1479,50867,1581,1409,2028,15031,33462,3601,20785,3008,4856,9465,26147,3422,12076,35081,3880,20449,4025,6398,6814,37040,3363,신정6동
259,3857,2144,1943,29511,1504,104381,1497,1643,2153,2676,3450,1952,17069,1492,45516,1297,2140,1634,13910,31762,3231,26437,3660,7005,7472,23209,2602,14489,50336,4148,26627,3462,9149,7720,59867,4052,신정7동
260,11249,9811,8298,32387,2824,98719,4116,6879,4030,23698,3681,8781,140351,4293,312648,8097,2113,5340,118123,172412,21459,48525,7934,10875,69524,180492,15069,97198,58147,14125,91957,6129,23969,80221,62383,11865,신촌동
261,2896,3309,1065,22592,1394,71177,1431,1250,803,3362,2366,1982,23157,1645,48841,1199,1614,1380,10581,20580,2228,19349,2717,6582,8922,27592,3118,7374,36654,3137,5939,3075,2498,2885,42618,2430,쌍문1동
262,3143,2378,1314,21027,1354,69614,1433,1496,1048,3547,2676,1826,25025,1878,51873,1588,1767,1412,13352,36925,3825,14226,3542,5266,7380,29412,2860,13119,29613,3699,18803,2699,5273,8756,42863,3598,쌍문2동
263,2648,1523,1128,17832,1239,65673,1753,1197,1745,2053,1946,1055,12002,1388,29908,694,1822,896,8484,18937,1998,12276,2922,4642,4428,17982,2123,9446,25194,2729,9602,2360,2662,6325,40740,2369,쌍문3동
264,1942,1307,589,23170,1237,71422,866,1236,929,1740,2459,903,9398,1030,44306,481,1694,1058,6068,13018,1066,17089,2105,3628,4875,18485,2005,5761,35824,2229,5884,2877,2579,2040,42176,2420,쌍문4동
265,3876,2588,3186,22569,2209,94611,1893,2146,3500,4284,2429,2881,23674,2759,101031,1886,1600,3349,19690,30618,4234,20363,5916,5258,18622,55389,7919,18427,38246,5122,14304,4783,5548,12989,56263,5933,아현동
266,5462,6519,3252,20391,1866,58646,2107,5066,2069,8878,2544,3906,61298,3534,139638,3905,1484,2991,37420,60409,7230,27921,4910,7427,33138,89718,8872,26546,33726,8268,25874,4161,10785,18221,36550,6095,안암동
267,4216,1909,1782,35700,3029,131171,1835,1361,2566,3310,4311,2142,13585,2357,34967,1504,3161,1972,13331,28291,3369,25718,5680,8900,7681,25345,3029,15695,49500,4713,14200,6308,5141,7715,74342,4213,암사1동
268,2969,2412,1393,16458,933,61258,1123,731,1442,2837,1950,1569,14074,1541,30704,1291,1710,1171,10694,23318,2757,11753,3873,3148,5273,19842,1931,12053,23783,2722,13334,2565,3465,8250,38732,2775,암사2동
269,2968,1565,958,20332,1371,62381,1652,1607,1838,2509,2064,1338,13384,1676,38219,1002,1492,1592,10561,21846,2144,18456,3811,4741,5700,19619,2294,9697,30518,2936,9820,3024,4008,3869,33772,2918,암사3동
270,9601,4862,6492,28788,1219,77048,4102,4831,3971,11019,3320,9483,54209,1075,275505,5329,1364,6076,101692,108264,20350,23755,2089,4920,61430,148416,14169,98207,42287,14580,72011,2123,21045,82476,46980,13875,압구정동
271,2916,1392,1524,18544,1455,59885,1139,964,1388,2669,2335,1491,11535,1531,29671,1089,1574,1058,13095,21921,3002,11352,4347,3601,6041,20885,2102,16809,25865,2842,11116,3029,3001,11251,37103,3572,약수동
272,9595,5634,8484,42924,1861,141595,5597,4488,4065,11574,4511,11454,60743,1046,269480,6001,2497,6116,55817,74502,13518,30612,1641,6802,73847,152818,12748,49920,61745,11917,34242,2494,8129,50943,79064,9908,양재1동
273,10236,7079,9092,21486,871,79233,5386,2526,3378,18880,2566,9225,57396,872,225754,6162,1384,4371,45208,77041,12306,16538,1573,4738,58178,129617,8298,38679,30831,8638,29919,1320,5280,35371,47896,5825,양재2동
274,3549,1673,2110,19193,1102,92911,2120,1947,2400,3312,1890,2856,16232,1151,92496,1695,1664,2566,13182,20485,3630,18101,2451,4164,18722,55865,5098,11673,30373,4202,9321,2425,3999,10018,54397,3862,양평1동
275,5839,2721,4499,21560,1482,102556,2651,1841,2903,5049,2680,3738,27421,1038,119885,3021,1874,3054,20249,28323,5045,19700,1648,4675,24173,70563,6110,19463,31307,5434,12792,2613,4548,17119,58164,3664,양평2동
276,14542,9244,11719,28280,2553,91851,8964,10644,4489,27419,2761,35129,144759,2323,1328551,15076,1926,17190,161613,173560,28676,22174,1659,5427,280027,721979,27750,108097,44310,18049,85492,1839,21583,109786,55611,7203,여의동
277,24666,9898,19630,39118,5020,162682,10883,10655,11746,29821,6092,32491,146785,4321,1004389,13507,2957,19143,219880,200381,45074,45935,6430,16556,240068,561740,47457,209110,65386,43495,122510,6400,42934,219005,103400,52122,역삼1동
278,8852,4205,5779,39049,3914,150453,4995,4982,6218,11230,4502,9372,46638,2593,258378,4743,2511,6958,60429,62690,12775,47518,6136,15905,69762,150285,23426,45076,66128,14081,29999,7308,11782,29439,74545,12942,역삼2동
279,4503,2417,1900,45083,2605,162342,2058,1904,2561,3273,4280,2307,16095,2090,45639,1375,3865,2299,16444,31558,4081,30580,5265,10027,8752,32531,4375,20212,62079,5686,20048,7027,8506,11786,97517,5941,역촌동
280,2927,1455,1313,17597,1184,63543,1170,719,1300,2387,2367,1344,7911,1068,34450,848,1232,1002,37942,20448,3628,15961,1966,4691,8638,20900,3046,39984,27614,4648,20061,2709,3981,19975,36988,3553,연남동
281,6816,4801,4051,45133,2770,147228,3304,2535,2712,6239,5305,4439,34036,1910,115103,3084,3284,3130,38445,65575,9334,43528,3281,13039,21966,66992,5949,35832,72935,8401,26900,4546,6470,22159,87164,6024,연희동
282,4594,3291,3650,23393,2188,92138,2008,2653,3499,3941,2632,3161,23957,2177,118533,2007,1737,3610,21822,33131,4871,21315,4588,6252,20767,61439,7349,22292,38681,5706,17667,5287,6715,17926,54058,6176,염리동
283,5698,2213,2428,29138,1051,135522,2361,1621,2786,3602,3118,2788,18297,1594,83613,1659,2320,2450,17311,28456,3677,27987,3549,6190,16367,49948,4641,18727,49700,5207,13680,3110,3808,12461,79208,3858,염창동
284,13296,5541,11462,33022,2306,170966,4888,3539,4143,10842,3862,8408,55899,2228,274055,5699,2566,5694,76501,162975,19264,28197,6520,7894,54272,181385,13241,87538,47824,9884,76300,5236,13137,91343,103157,12088,영등포동
285,4433,1739,2283,18973,1245,78981,1359,1315,1433,3954,1873,1745,17765,1694,46125,1670,1852,1681,25090,38251,4506,13041,4319,4661,7003,23394,3281,25368,24997,3908,15838,3774,3898,16843,48989,4579,영등포본동
286,6607,4543,4548,46967,2039,151898,4555,3035,3918,5530,5890,3872,31005,2007,107992,2694,3747,3157,20349,38688,5401,38337,3563,10563,17316,51200,6795,23381,75140,7886,22879,4340,6980,14538,89705,6044,오금동
287,2877,1397,1738,14036,786,64120,928,627,1001,2069,1240,986,11028,1014,17095,1026,1178,788,9345,26063,2612,9220,3026,3984,2924,12332,1549,12185,20000,2029,13561,1872,2481,8276,39091,1962,오류1동
288,5367,2101,5239,44687,1249,190359,3490,1575,3382,3676,3186,2863,18847,1388,52300,1935,3821,1568,13160,23167,3503,24305,2528,7891,8879,30958,2758,13057,56108,5481,9710,2593,3998,10048,110143,4834,오류2동
289,4650,5533,3474,14984,635,39471,1711,2140,2700,3748,2410,2100,20922,657,35141,1962,943,1380,15300,24862,3360,14249,1308,3192,9181,20264,3013,17057,22493,3452,13245,1087,2472,9944,20424,2301,오륜동
290,4772,2829,3395,28575,1589,103304,1563,1605,2561,3048,3341,1571,16822,1696,51501,1453,1731,1354,15602,26721,3016,22939,2854,5801,7700,26185,2238,17105,45191,3879,11600,2640,3191,9627,61206,2961,옥수동
291,2293,1039,1132,16143,1789,66960,1033,1102,1603,1633,2107,1230,7560,1472,29379,688,1206,940,5442,9355,1239,12914,2885,3654,5169,15559,2106,5765,25234,2187,3855,4487,1771,2892,37597,2309,왕십리2동
292,6740,3658,5382,35273,3146,165920,2964,3131,4621,5238,3880,3981,29236,2839,120444,2994,2778,3511,33959,52907,8583,31579,8685,10173,20679,74905,7862,38679,59040,9518,31028,6834,10042,33363,102102,10120,왕십리도선동
293,4387,2396,2764,22167,1995,88207,2453,1901,2878,4211,2655,3079,17652,1968,87941,1702,1541,2400,20311,28979,4377,16887,3948,4592,16963,50943,5436,27137,31975,4954,20146,4560,6427,28412,51423,5731,용강동
294,4575,2883,4063,16512,1736,69852,2610,1782,2962,4138,2204,2599,16088,1615,58563,2217,1561,2494,13250,22337,3975,13901,2886,5282,12457,45565,5636,12377,24569,4404,10493,3217,3676,8988,41719,4417,용답동
295,2015,1156,863,15238,1213,56650,682,482,1276,1626,1781,725,6037,875,13614,502,881,695,5742,9662,1301,11597,2648,3726,2822,10707,1674,7085,22608,1780,5451,3693,1975,3764,31688,2782,용문동
296,2299,1367,1403,13596,623,44728,1130,805,1098,2478,1948,1463,9022,1104,37823,1269,898,1246,10874,10361,1613,10715,1606,2565,6628,15843,2102,12304,20227,2152,7638,1300,2239,7040,28938,1466,용산2가동
297,9803,5866,7230,33535,2716,128326,5863,4104,6454,9608,3875,7223,54280,2844,226407,5421,2899,6461,38869,82090,12167,27579,5201,9805,38626,147647,13376,35893,49811,12482,27612,5265,11711,29922,81130,12040,용신동
298,3871,4430,1857,25567,1466,77569,1399,964,1090,3403,2809,1483,22444,1207,34387,1668,1601,1179,17475,38643,4198,17225,2235,5375,5735,22329,2102,15463,39476,2990,14075,2927,3261,8727,41584,2829,우이동
299,4302,3456,3133,28773,2611,114026,2015,2195,4292,4217,3863,2268,25554,1538,56764,2410,2339,2692,22399,43875,5678,23877,4911,7137,9566,31990,4475,23872,47048,5378,24830,6097,7684,17917,62520,6834,우장산동
300,5080,2356,2797,21656,1572,88823,3306,1611,3831,3995,2692,3329,16901,1275,87800,1825,1448,2567,19731,25270,4360,18105,3356,4017,18619,57937,6921,21630,31110,5546,13607,3881,4262,14905,51944,6476,원효로1동
301,3248,1225,1681,23467,1318,84536,2164,1413,1810,2491,2999,2308,9134,1212,57084,1074,1509,1969,9717,11492,2340,19199,2273,4913,14090,33800,3760,9124,39348,3545,4758,3314,1636,4729,47912,2663,원효로2동
302,4293,2742,3211,26816,1445,88959,1974,2243,2593,4171,3262,2324,25860,1441,59953,2324,2513,2283,18310,34167,5518,20137,3772,7009,10510,33008,3371,18416,40387,4561,18590,3446,6302,13897,55247,5670,월계1동
303,2735,2453,1462,25305,961,82525,1709,1389,1394,2424,2505,1998,16606,946,59680,1100,1819,1647,9514,17078,2278,18795,1776,5459,10270,28638,3028,8042,40900,3619,8810,1995,2604,4568,48203,2861,월계2동
304,4013,1595,1906,35823,2160,124825,1840,1356,2368,2936,4201,2122,14661,1762,34227,1497,2968,1767,11824,27102,2936,25679,4203,6875,6285,19928,2879,14190,55179,4130,12911,4312,3448,7386,70508,3650,월계3동
305,5790,3904,3372,30237,2181,103417,2940,2602,3361,6254,4055,2898,34437,2678,90614,2538,2852,2842,22195,46847,5965,23460,6743,7774,13792,47647,5769,18621,44249,4951,19683,4854,5761,11938,61983,4742,월곡1동
306,4400,3125,1887,32283,1934,111995,2744,1635,2329,3935,3584,2645,23387,1823,69137,1858,2195,1754,16613,33344,4324,22342,4048,6853,13072,45618,3420,18707,45164,5556,18095,4271,6116,12285,66411,4740,월곡2동
307,3910,1560,3194,33525,1211,142788,2077,1824,3197,2587,2942,1994,11255,940,33665,1159,2653,1664,10243,14220,2333,24317,1173,7241,8756,21400,2706,11330,48926,4324,6372,1418,2547,6729,75437,3366,위례동
308,3904,1960,1890,29961,1627,121914,1625,987,1559,3253,3558,1552,14344,1520,44803,1111,2660,1328,13324,26933,3568,20368,3862,6450,7049,26885,2701,16345,41930,3732,15086,3952,4459,10761,70342,4286,은천동
309,9345,2418,4424,3697,797,11984,3746,2792,4668,6938,932,6733,34919,710,254418,4141,1073,6553,42765,38458,10158,2829,887,3345,45512,174108,19906,50079,4486,7916,22265,942,8227,47316,6157,16606,을지로동
310,1885,1276,1137,18426,956,62588,919,1088,1234,1333,2372,1020,5482,924,17463,682,934,645,4805,8112,963,15973,1558,3413,2758,7349,1011,5019,31662,1677,3275,2496,1117,2032,35088,1550,응봉동
311,4056,3942,3413,31536,1727,121705,2078,2627,4088,3572,3893,1750,22437,2295,52605,1623,3179,2065,19239,62259,5374,23081,7949,7847,7661,34270,4300,24071,45481,4946,34771,5573,9593,16618,76160,6958,응암1동
312,2577,1008,1194,23672,1958,95242,830,1006,1416,1657,2006,1109,8362,1313,21652,742,1540,1357,6201,9766,1279,18064,1999,4937,3530,12336,1877,7506,41971,2230,5127,3495,2037,2427,51708,2233,응암2동
313,3649,2915,1850,21879,1961,77012,1554,1191,1970,3785,2505,1848,21989,2261,43390,1706,2119,1609,14348,38175,4010,16931,6390,5957,6886,31284,3242,18158,31592,4471,20080,4046,7530,11384,50414,4796,응암3동
314,3837,2459,2166,26453,2249,75869,1677,1313,2158,4625,3333,2537,35034,2851,79823,1986,2085,2888,31553,40639,4837,35347,5665,12263,17000,51234,9140,22366,45447,5625,21243,5479,8002,10690,47395,5676,이문1동
315,3058,2615,1950,27142,1285,93796,1285,1206,1622,2461,2968,1297,11128,1289,32624,845,2408,1267,6812,12699,1691,19820,2731,5225,4583,15845,2140,8098,39485,3109,7123,2565,2973,4299,53030,2490,이문2동
316,4885,2863,3722,27986,863,87392,1938,2340,2535,3984,3774,2071,18104,1009,48278,1759,1639,1870,17746,24824,3286,24700,1471,3675,8713,26900,2027,19529,48773,3836,10793,1237,2854,11065,48809,2650,이촌1동
317,1578,718,902,5701,419,20499,691,313,933,1077,1329,504,2776,376,4708,506,493,267,4585,5312,881,3991,442,1173,1435,3361,555,4513,8837,1084,2293,516,407,2072,11383,863,이촌2동
318,3648,2643,1714,9004,755,25714,1167,1571,1222,4192,1480,1573,18635,861,45317,1906,599,1238,21180,24363,3965,7981,1624,2290,10606,29586,2420,27277,13931,3453,18294,1309,4824,16348,16735,2747,이태원1동
319,2888,1755,1922,17920,1221,53028,1354,588,1099,2959,1908,1473,10072,491,29771,1496,736,825,19995,15523,2751,15580,1029,3666,8960,20235,1672,18782,27743,3040,11086,1788,2234,11020,33982,1779,이태원2동
320,8489,5590,4988,10777,1674,34452,4376,5688,3197,22293,1975,8883,112704,1538,271903,7193,1290,5506,86851,83694,13493,10295,2542,4129,69550,153936,14417,62209,16145,9092,37106,2492,10236,39582,21406,8836,이화동
321,4108,3138,1899,36243,1779,116939,1820,1486,1499,3681,4291,2211,23120,1691,56953,1803,2987,1923,12952,25670,3128,26317,2955,8085,8973,28746,3358,12943,57772,4119,11058,3788,3828,6582,69727,3658,인수동
322,3235,2392,2590,28679,1136,142161,1070,791,2003,2546,3035,1348,10856,1193,34836,1014,2092,1007,11353,20551,2522,20414,3203,6133,6730,21216,2288,14596,39471,2862,11528,1841,2905,11847,88426,2828,인헌동
323,3765,1672,2125,17364,1152,55890,1394,979,1405,2906,1943,1443,9018,852,21726,1520,1323,1405,8797,13842,2048,12060,1464,3809,4378,13047,1516,10606,24092,2706,8323,1717,2485,6392,30477,3564,일원1동
324,3612,2117,1938,17031,1064,60932,3960,1875,3380,2783,1830,2040,13933,1243,48091,1666,1193,1766,10540,18220,2717,14997,2344,3970,11371,27060,3634,8907,25578,2778,7144,1926,1707,4215,32129,1613,일원2동
325,7389,6085,5050,24215,852,83743,2587,4342,2993,14039,1986,2806,50350,589,71730,4697,1824,2212,30738,35455,4822,30890,640,6170,16340,42630,4154,11831,49382,3588,10405,850,2567,8979,40954,2130,일원본동
326,4254,2362,2445,20413,2239,87694,2797,1517,2376,4196,2681,2534,20628,2749,64917,2091,1869,2253,19385,30970,5004,17617,5432,6811,13758,40896,5733,19257,31374,5705,17183,4499,7314,11840,54104,5658,자양1동
327,3878,2957,2193,28690,2075,103388,2093,1604,2385,2959,3505,2259,13773,1604,46073,1358,2163,2216,12174,18541,2701,22144,3550,6810,7727,22887,3285,13541,42348,4686,9766,3843,4758,6648,62113,4155,자양2동
328,4216,3103,3037,24208,1993,95022,1803,2001,2304,3948,2968,2258,22823,1965,65862,1934,1816,1927,34380,56864,7048,20708,5034,6506,12786,38939,4625,40899,36753,5069,32280,4955,6523,23603,61502,5458,자양3동
329,5793,3253,3590,32036,1660,113465,1722,1689,2686,4344,3820,2138,17573,1652,42989,1931,2196,1866,37605,39442,6279,22905,4145,8821,8893,29958,4324,47417,44137,6008,33031,4130,6572,29901,62382,6547,자양4동
330,5182,5223,4440,29016,2005,99476,1805,2155,2742,6256,3517,2064,30740,1946,63178,2040,1546,2125,33894,45836,5310,37621,5969,8683,10748,33685,4475,47367,56665,4769,32402,5575,5286,24551,52270,4085,잠실2동
331,7368,4274,4642,43773,2737,141751,2500,2571,4408,13885,5404,3340,69926,2718,92801,4411,2387,2655,99182,111377,11563,43559,6917,10637,17925,52562,7300,71484,76902,6988,48254,7690,9512,35717,78494,8346,잠실3동
332,5436,4016,2978,28593,2013,89859,1714,2026,2660,3480,3428,1798,20643,1146,40945,1467,1177,1830,14436,19877,2569,30322,2241,5353,7965,22522,2785,13455,52743,3423,8611,3343,1873,6560,46847,3072,잠실4동
333,6962,4909,6095,19331,1646,69324,2999,4003,4009,10822,2500,7885,67211,2678,310153,4777,1557,6486,132420,139108,16696,18119,4900,5531,66364,163598,22137,118156,33760,8669,76324,3327,8879,78101,43791,8228,잠실6동
334,2059,1019,1044,13435,569,33017,783,916,1041,1605,2055,892,10732,667,44618,744,569,1228,9755,10372,1226,12302,1129,2739,5310,16033,2355,9793,22374,1212,6099,1065,898,3782,18514,900,잠실7동
335,8083,3781,4694,37370,2337,144881,2270,1872,2526,5516,5017,3601,24029,2420,74150,2297,2815,2660,41441,65243,7751,30628,7392,11596,15995,48451,4907,54607,56580,7364,47923,5717,12724,46448,89102,7753,잠실본동
336,7649,3746,5057,32890,1830,102086,2989,2358,4162,6478,3708,4285,24160,2059,116058,3236,1919,2927,34929,33852,6801,35370,3149,8863,27773,70277,8989,36024,54565,7856,20942,3239,6144,29243,56635,8157,잠원동
337,5784,3379,4132,25300,2176,107136,2995,2493,2840,5408,2795,4849,26946,1914,136977,2666,2202,3182,23186,40871,7130,18852,3936,7152,23982,93959,7616,25772,36449,8586,22464,4395,8526,22801,68767,7775,장안1동
338,6018,3271,3647,34727,2356,131853,2954,2450,3697,4811,4303,3865,23631,2542,97539,2252,2941,3443,22501,48932,6593,24919,5828,7870,14660,60971,5866,26376,48145,7925,29792,4953,12264,18317,83035,7803,장안2동
339,3513,2415,2054,30311,1423,105173,1650,1117,1966,2509,3615,1562,10353,1152,29505,1085,2109,1371,9118,18349,2448,21494,2225,6793,5052,19205,2144,10228,44477,3521,8299,2967,3131,4768,57530,2778,장위1동
340,2662,1979,1272,15317,990,46849,977,827,1089,2372,2409,1385,13254,1297,39128,862,1233,1163,7953,16326,2210,10647,2100,3607,5216,24511,2349,8383,20150,2474,8120,2029,2896,5011,26977,2450,장위2동
341,1924,1356,907,9930,889,35705,764,686,1241,1621,1195,820,7453,981,19313,618,739,1239,5790,12039,1584,6944,1884,2164,3030,11211,1789,5543,15030,1644,5518,1693,1806,2976,20531,2090,장위3동
342,4401,2824,2738,29473,2027,109395,1942,2041,2484,3441,3054,2410,17619,2033,59342,1925,2616,2483,14189,23351,3627,24511,3662,6748,13009,34248,5649,14961,46782,4759,12752,4796,4182,9747,66171,5054,장지동
343,4836,2914,4256,7682,930,24440,2264,1341,2553,4845,926,3260,27455,873,84529,2557,457,1962,31135,31523,5855,9549,1236,2756,21808,54951,6602,27034,13158,5077,18489,1574,4313,18416,14789,5537,장충동
344,7701,2819,3649,31572,2209,106124,3588,2930,4848,6541,3893,3145,29491,2317,67064,2894,2724,3891,32890,68788,8825,23470,5477,8195,13499,49760,6083,40783,44004,6306,31903,4701,8387,26528,65203,7971,전농1동
345,2797,2180,1384,21989,1533,80214,1580,1202,1193,2886,2199,1668,21377,2126,60278,1259,1694,2118,14802,22664,2802,20081,3695,6013,10092,30673,4567,10721,35296,3958,9507,4245,4067,6878,47559,3095,전농2동
346,2469,1042,703,19546,1907,76757,1049,849,1662,1781,2171,1276,8492,1595,30277,662,1629,1299,7429,14618,1468,14123,4980,4949,4023,18190,2038,8566,30586,2318,7330,5008,3327,3250,41968,2956,정릉1동
347,4396,2095,1975,33262,2251,112117,1484,967,1992,2756,3780,1374,12166,1845,24642,1336,2741,1342,10950,22384,2333,21955,3987,7599,4743,17686,2444,13832,46284,3124,10854,4578,3250,6575,64149,3759,정릉2동
348,2596,2368,1843,14169,717,31892,1072,1363,827,3689,1954,2654,23545,1368,72810,1518,1249,1977,16083,24031,3344,13932,1803,4761,17940,38268,4141,9418,19737,3173,9078,1254,2897,7855,19806,1749,정릉3동
349,3325,2676,1500,26617,932,97228,1035,804,1323,2863,2529,1570,17179,1045,32622,1241,1712,1107,12893,18839,2517,19872,1591,5424,8673,20188,2506,11047,42487,3398,8145,1729,2491,4896,52620,2665,정릉4동
350,9216,7428,8808,38899,3101,117034,3507,2240,4549,8422,4501,4820,49606,2790,112622,5215,3131,4884,31907,69397,9534,34791,5100,13685,21704,84019,8909,26984,59404,7928,19098,5355,7063,15126,70127,8116,제기동
351,6717,3251,5983,26442,1977,117919,3812,2257,3820,5685,3178,7021,28366,1673,165678,2734,2410,3228,30381,51333,8088,17723,4333,6307,42010,103908,8586,28209,34787,9651,24668,3937,7784,26600,70898,7394,조원동
352,23643,7751,17990,12571,2165,38533,9557,7217,9311,26894,2031,21539,128103,1981,830960,12558,1428,15779,221443,265400,41559,10774,1674,4292,164868,544491,44265,205408,18137,25383,115197,1994,30391,203603,24695,43485,종로1·2·3·4가동
353,5213,2487,4425,7978,1235,23987,3221,2443,3289,6300,1147,6212,28459,1454,205924,3687,1292,5068,50970,62252,15599,6779,2102,3753,43829,156083,14838,37547,11841,7512,20285,1742,7584,29124,15917,12300,종로5·6가동
354,5291,2583,2187,46228,2174,154902,2166,1853,2497,4498,5140,3055,26154,2181,81270,2111,3432,2958,19943,32089,4672,36963,4784,10768,14144,46015,5729,20441,66625,5996,15641,5011,6691,11234,91653,5386,종암동
355,2539,1890,799,26418,1596,88325,1100,1514,1637,2491,3043,1078,14879,1539,48550,1051,1839,1575,13870,36719,2750,22173,4745,5415,5808,27568,3184,13339,38123,3625,22805,4560,15405,6157,46702,5728,중계1동
356,4530,3143,1947,33550,1649,119161,1982,2704,2129,4386,3995,2154,34206,2244,72166,2143,2685,2541,21475,49607,4549,25809,4921,8682,9431,33200,3997,20388,48315,4131,24034,4066,4281,10594,72294,3863,중계2·3동
357,2314,2036,857,21211,1083,67156,1518,1495,1590,2235,2727,1539,14059,1498,52266,955,1965,1964,8983,22499,2357,14624,3831,4779,5370,24430,3209,11022,29284,2884,13181,3413,4019,6479,40559,3092,중계4동
358,2912,2213,1441,25872,1021,105591,1653,1880,3167,2345,3001,1353,13860,851,47691,1240,1804,1750,13285,35558,3551,19609,2844,5951,6789,26641,3363,16230,36887,5328,33671,3283,23116,9286,50680,8202,중계본동
359,2778,1328,1777,18971,1170,75777,1132,790,1481,2395,2582,1818,10222,866,40075,1176,1363,1091,10132,17985,2714,15111,2870,4771,6895,25878,2945,11502,29212,3624,9109,3348,3661,8914,46952,3243,중곡1동
360,3782,2171,2006,27200,1377,106086,1549,1169,1618,3447,3847,2017,17713,2105,50108,1450,2351,1561,14657,28052,3747,19808,5953,5858,8661,32099,4080,17115,37233,4485,15767,3988,5501,13679,65291,4659,중곡2동
361,2642,2148,1452,19023,1126,71698,1210,643,1012,1832,1907,1118,11259,1153,25961,1008,1768,1307,8091,17473,2057,13710,3113,4142,4824,19911,2056,8297,27205,2967,7665,3220,3146,4816,42937,2607,중곡3동
362,4352,3130,2319,36523,2052,123307,1684,1527,2323,4239,4825,2295,19310,1779,62396,1632,3142,2148,14079,27378,3264,23691,4541,7506,8834,29589,3782,14978,50676,4813,12613,5010,3933,8716,75158,4669,중곡4동
363,2748,1031,1777,10813,1242,43598,1381,1585,2446,2867,1860,2654,12799,871,89108,1333,734,2269,12669,14554,2875,8426,1458,2206,19188,52924,5589,13842,16915,3497,7904,1904,2760,11649,27047,5704,중림동
364,2304,1334,1198,16896,1289,77696,704,497,1121,1977,2016,967,9776,1297,22487,734,1443,728,11094,25721,2662,12959,4406,4715,4029,18519,2441,13628,22082,2553,12629,4150,4017,9078,46857,3780,중앙동
365,2079,1442,976,18151,1062,64627,1052,1011,1175,1793,2019,1230,10470,1447,43823,694,2012,1226,6955,14547,1663,14027,3452,4967,5372,24944,2687,7088,25975,2695,6539,2640,2758,4082,40911,2351,중화1동
366,4080,2318,2003,32349,1990,106692,2085,1537,1674,2508,3799,1994,12430,1469,35329,1280,2341,1252,10720,21809,3118,19008,3569,6218,6501,27216,2725,14184,41595,4585,13234,4257,5172,9302,64426,4230,중화2동
367,2452,1177,1938,18247,958,61256,1032,757,1700,1739,2103,1017,6845,808,16232,696,1157,961,6499,11138,1301,12675,1861,4016,3321,11344,1697,7503,25806,2479,5973,2069,1945,4683,36491,2538,증산동
368,5983,4975,4999,39613,866,190241,2568,3006,3509,6505,2679,2193,52723,829,73037,2964,2220,1637,25997,64630,6758,25081,881,7028,12994,43394,2315,24153,54883,4482,23207,1013,4076,24795,104414,4511,진관동
369,3196,2237,1482,23974,1396,80399,1351,1105,1521,2898,2172,1240,16462,1526,40428,1257,1716,1369,12086,28716,2950,17804,3962,5477,5506,20284,2357,15598,34607,3391,15404,3650,3826,10506,50270,3979,창1동
370,4772,2379,3124,39795,2264,139594,2506,2009,2674,3317,5095,2331,17288,2113,53347,1546,3214,1911,13628,30487,3608,27185,4324,8573,8137,32974,3388,15077,56612,5217,14845,4525,4801,9291,83007,4621,창2동
371,1359,532,451,12125,732,42318,731,430,668,960,1352,803,4652,571,14543,416,755,570,3475,8950,1073,8288,1400,3029,2389,10036,933,4244,16600,1591,3867,1324,1277,2395,23829,1273,창3동
372,6064,6739,4834,27343,1784,101439,2140,2406,2809,5751,2783,1881,38475,1825,73988,2706,2120,3215,20867,56500,6316,20667,3230,6705,10966,42914,4587,22293,41792,4607,24411,3771,5637,16825,57456,4731,창4동
373,3097,1705,1267,24862,1799,96765,1235,1295,1801,2876,2980,1760,16288,1878,39979,1434,1772,1522,14055,29509,3441,19547,4239,5992,6407,25777,2489,16114,38975,3502,15951,3896,4727,10739,55515,4519,창5동
374,3098,2354,3447,6511,1198,23415,885,1048,1790,3025,1405,1573,15154,1749,48777,1763,1225,2271,12109,22100,3522,3854,2599,2727,5708,27253,2703,13973,8005,2461,9502,1425,3483,10353,13374,4571,창신1동
375,1062,867,420,11167,1113,41094,474,306,631,699,1329,555,2620,716,13360,457,893,797,4414,4280,719,7237,1235,3714,1988,7284,1265,4333,16866,1091,1917,2530,1145,1109,20945,1014,창신2동
376,848,308,429,4499,526,21033,1001,462,589,521,609,538,2521,577,8521,323,545,345,1822,3453,596,3522,1101,1430,1594,5173,725,1869,7264,1172,1590,1355,847,969,12613,748,창신3동
377,3024,1475,1681,18953,1742,75573,1078,833,1407,2413,2104,1390,12652,1296,29106,920,1433,1054,9834,14926,2108,13343,2924,4280,5455,16283,1925,10238,28598,2520,6115,4523,2773,6979,40891,4511,천연동
378,5087,2843,3584,42166,3243,129205,2869,2438,4741,3985,5732,2904,22401,3093,55098,1798,4874,3166,17204,39186,4404,28660,5992,11044,9748,31265,5272,17384,56773,6062,17764,7793,6832,8554,75242,6253,천호1동
379,7281,4722,4523,37674,2268,134021,2920,2329,3282,5483,4381,2716,28269,1978,77793,2552,3785,2741,29769,58719,7619,28462,5670,9810,13941,51660,6912,31824,55078,6711,26271,5627,6955,22784,80471,6478,천호2동
380,4762,2980,3006,34214,3198,119560,2103,2320,2796,3977,3510,2187,18435,2510,48215,1740,3192,2329,21341,31471,4860,26417,5665,8354,8597,33508,5168,26637,50703,5517,20676,7588,7738,17927,72676,6505,천호3동
381,1641,744,826,10898,1218,43841,779,698,881,1355,1492,1055,7442,1281,39245,665,979,1090,7461,12447,1777,8587,3215,2610,5578,20669,2050,7716,17457,2197,6463,2928,3289,6156,25821,2749,청구동
382,12805,6170,7610,27182,2313,83484,4588,5975,3989,12258,3622,8477,57069,2479,257795,5722,1548,5564,82449,71014,16465,30946,2696,6609,62337,142764,13957,74485,51809,14962,42528,3264,16516,57831,49284,9369,청담동
383,4186,2282,2385,19065,1658,56817,1788,1788,2359,3846,1748,2222,19059,1487,62982,2075,1535,2346,19205,36364,5217,12265,2716,5036,12469,38909,4480,17852,27685,4453,11760,3073,5000,11904,37131,4456,청량리동
384,6236,3321,4229,38601,1738,187552,2421,2424,2144,4815,4008,2887,28079,2723,91672,1897,2513,1814,34543,59537,6985,31220,7508,8440,15127,53779,5880,39314,52649,7998,32497,5155,10714,29709,115198,7438,청룡동
385,1005,814,490,12815,701,41549,386,449,655,798,1341,340,4433,1007,8593,195,758,275,2516,5670,425,8351,1686,2197,1364,4225,691,2985,17750,919,3002,1515,716,1110,23530,863,청림동
386,3090,2831,2479,17953,812,52253,2634,1737,1160,11312,1806,3472,22723,457,92627,2078,1291,1806,47042,31583,4485,14457,719,3075,16734,43588,4019,21679,27602,2602,10348,1761,1945,12632,30298,1596,청운효자동
387,5344,3105,2996,22900,1814,94613,1964,1827,1944,4909,2846,3275,24064,1821,102262,2217,1925,3048,24846,31072,4745,21318,3767,6177,18563,51094,6420,23995,34552,4888,15738,3924,4712,16634,54848,5378,청파동
388,11861,3815,12886,33866,3780,118974,6186,3993,6638,11281,4200,11678,71499,2461,332812,5865,2774,7604,64093,62742,13432,25996,5379,9457,87358,175499,16622,49985,48620,12151,22245,6140,7436,39628,71386,13946,충현동
389,3197,2152,3280,20145,689,62224,1263,1262,1244,2946,1999,1391,15387,514,30759,1580,879,721,11910,19077,2848,15167,783,2698,6063,18721,1356,9920,34870,2260,6687,885,1969,6211,33229,1909,평창동
390,2452,900,1141,18482,1150,63436,1195,698,1543,1552,2103,1288,5612,807,14518,729,1526,1051,5940,10312,1430,12543,2102,4538,3433,10416,2195,7469,25517,2361,4770,3041,1748,3974,34901,2186,풍납1동
391,8967,7290,4499,25494,1856,85467,2781,5146,2976,20199,3386,3815,80778,1862,131573,5341,2205,3130,40733,56730,7004,24643,3019,6338,38422,87550,6088,16972,39871,4342,15011,2885,3901,11863,46159,3462,풍납2동
392,4436,2266,2535,7612,941,20206,2498,2080,1953,5593,990,5121,29174,1150,172431,2500,735,4328,46885,37097,7879,8149,1251,2288,41513,106872,12350,39409,12648,7850,18867,1510,6531,27443,13183,10374,필동
393,5234,5114,3003,31061,1636,109759,2753,3390,2238,6746,3147,3000,50012,1929,120555,3463,2449,3204,26668,64359,6674,29546,3562,9642,14948,56794,6313,21849,50530,4679,27756,3188,6362,13509,66208,3548,하계1동
394,2653,1532,1049,21355,1578,76603,1187,847,1549,1809,2386,807,8259,983,15256,605,1489,740,6078,10128,1085,18541,2505,6795,2904,7908,1345,6941,33464,2005,5247,3585,1299,2334,41685,1615,하계2동
395,12633,4525,8227,31544,2051,113100,6471,5238,4964,16173,5159,10609,70429,2265,339842,7647,1732,6988,87426,119690,17105,26254,3632,5376,73516,205289,11721,102146,47329,12150,70712,3590,11430,91906,66555,8366,한강로동
396,9247,5020,7307,28381,1335,77139,3862,3540,2680,9291,2962,5173,45910,1398,152165,4683,1296,2878,52435,54937,8838,25470,1732,4696,33561,91326,5893,57446,47426,8979,38763,2262,8547,47699,46107,4550,한남동
397,4256,2217,2935,17453,825,55078,1636,1322,1485,3574,2237,2563,17442,855,72589,1761,1105,1694,33606,28521,5638,14267,3134,3922,16902,42371,4139,37982,24556,5540,24772,1764,5552,34014,34051,5085,합정동
398,4882,3396,4024,19969,2238,71933,2638,2371,3024,5098,2226,2826,36221,2773,79649,2970,1557,2880,40620,69833,9737,16280,7925,6520,17481,51633,7969,46022,29628,7127,45251,5691,12353,39138,46044,9597,행당1동
399,2805,1229,850,29067,2161,113848,1228,1283,1669,2024,3517,1185,9118,1698,35506,684,2248,1434,9457,17701,1939,21950,5336,5622,4798,18277,2120,9684,44678,2800,8397,4944,3793,4257,67034,3064,행당2동
400,3538,2360,2190,29677,1974,122863,1224,1222,1802,3177,3879,1857,17404,1895,51433,1492,1992,1577,14767,27430,3310,22214,4197,5734,8097,28220,3209,15035,40737,3852,12119,5271,4136,10777,72134,4317,행운동
401,4188,3237,2672,25571,1022,83774,1552,2082,1844,6427,2943,3015,41149,1433,101535,2366,1840,1939,54194,49971,7086,31142,2136,8375,20167,54731,5642,56534,43750,6866,35709,2105,9271,31585,50101,9166,혜화동
402,2367,1178,918,24289,1308,77774,1192,747,1278,1387,2552,1063,6290,1473,12968,545,1570,840,5015,9345,1053,15268,2574,4501,2782,9819,1517,6179,34001,2423,3741,2923,1594,2287,44246,2209,홍은1동
403,4364,4195,2733,30183,2303,100642,2079,1891,2776,4751,3446,2991,29275,2431,79135,2092,2629,2785,19552,40519,4579,22466,3729,8932,11644,36748,4911,15363,48506,4556,16271,4666,5477,8421,58720,4142,홍은2동
404,3677,2375,2112,33901,1792,127103,1674,1088,1681,2783,4064,2045,15236,1386,37248,1259,2902,1265,12173,27210,2749,22683,4263,6787,5889,22194,2463,13830,51652,3311,11568,3630,4480,9035,75083,3549,홍제1동
405,1603,1129,923,14515,848,62428,467,582,710,1211,1629,587,6198,791,13044,460,1122,442,4310,8512,947,10235,1818,2679,2083,7361,896,4189,24276,1046,3817,2267,902,2125,35219,927,홍제2동
406,2932,2383,1782,18625,1278,66191,1122,1142,1377,2902,2579,1377,18209,1806,32982,1253,2005,1251,11183,31973,2696,12387,4697,4230,5296,23700,2033,13660,26811,3146,16118,3478,4275,9043,41298,3039,홍제3동
407,6365,3223,4530,49094,2862,203356,2713,1860,2568,4445,6244,3620,21464,2573,62325,2243,4318,2651,20265,39523,5283,32775,6416,10664,14173,43148,4593,23732,65844,6791,19616,7119,6805,16899,119641,6271,화곡1동
408,1848,766,923,16590,1250,63569,792,376,887,1178,1692,966,4193,615,11815,403,1233,589,4010,7328,1276,10085,2267,3713,2324,10635,1116,4739,22020,1773,3710,3158,1944,2249,34091,1553,화곡2동
409,2662,1705,1421,19481,1252,69077,1144,948,1435,2846,2216,1439,15230,1523,31106,1278,1546,1503,12553,32630,3596,13282,5401,4467,5268,20901,2327,15670,27115,3551,19133,3869,5593,11509,42439,4021,화곡3동
410,2253,1655,1158,20251,1031,73096,975,700,1029,1983,1976,1067,9493,1086,26640,867,1690,1108,6676,13938,1714,14631,2326,5095,4477,14550,1860,7997,30280,2369,7136,3056,2394,4066,42455,2091,화곡4동
411,4829,4883,4191,22872,1326,92458,1960,1943,2447,4373,2455,2207,30355,1378,58859,2576,1928,1885,15956,34315,4677,19623,2452,5291,11586,37884,3360,17808,37514,4870,19519,2824,7255,14876,54094,4614,화곡6동
412,6314,4841,6474,39533,2401,159191,3136,2914,3604,5418,5144,4505,34487,2965,91093,2446,3635,2588,34664,76129,8452,31631,6705,10251,19430,55111,4541,37283,60228,7317,39734,4843,7764,28260,97611,5884,화곡8동
413,3914,1919,2547,33611,1599,154677,1541,1232,2182,2760,3707,1955,15732,2288,39024,1150,3182,1958,10980,19605,2576,25053,3935,7879,6041,24816,2456,13385,50318,3697,10752,3715,3889,8926,89002,3855,화곡본동
414,7716,6107,5624,32849,3212,136174,2180,4352,3218,8714,3993,3638,56185,3221,109846,3802,2381,3444,61534,67381,11147,35955,5814,16214,22058,63589,9373,84518,52278,10074,59238,6941,16950,63311,86945,13425,화양동
415,2762,1526,1846,13597,1648,53270,2006,1625,1670,2460,1607,2035,12046,1679,46400,1435,1217,1720,16493,33609,4578,11192,4994,4889,7544,35848,4480,17980,20123,3636,15946,4538,3917,12971,34234,4388,황학동
416,3376,3157,1526,21753,1720,54263,1604,2476,1359,6396,2104,2688,47176,2316,99833,2939,1143,2749,27714,40738,5366,23696,4000,7324,15469,50292,6472,26844,35594,4291,25572,4265,9733,14855,35611,6281,회기동
417,10483,4660,6326,6942,1247,21133,5104,4604,5445,15709,1215,15149,66909,1474,448150,6494,629,9109,108364,120947,20975,5461,1904,2383,108556,308378,30959,92449,9154,10073,33427,1449,7449,52384,12688,15982,회현동
418,2025,2188,868,10312,1017,37826,560,918,955,2103,1135,817,11249,1270,23095,878,927,807,7719,12573,1435,9878,2464,2869,4442,15500,1813,6406,16344,1357,5713,2129,1528,3821,21675,1610,효창동
419,1964,996,976,16153,928,57540,1035,647,956,2084,2354,1440,7842,730,29025,891,1246,964,10149,11264,1980,12757,1515,3734,6084,16640,2074,11506,23325,2121,6694,1735,1715,7143,34088,2820,후암동
420,4953,2233,2729,30378,3130,96642,2042,1402,2978,3194,2648,1692,13651,2097,30725,1455,1999,1596,17179,29686,3787,27814,5942,9667,6802,22629,3824,23173,44883,4837,19676,6204,5766,12249,57204,6163,휘경1동
421,4151,3262,2276,23988,1953,76777,1328,1540,1607,4247,2725,1860,23232,1550,55986,2050,1777,2135,12918,21129,2943,23682,3406,7235,8448,26019,3479,10425,37717,3187,9230,3098,3375,7328,45588,3656,휘경2동
422,4951,3941,4090,27653,747,94039,2097,3159,2239,7063,3531,3601,51744,2396,95548,2902,1802,2802,31881,52885,6115,29360,2226,8108,22637,65045,4628,21672,48184,5496,20117,1848,6831,17483,57976,3271,흑석동
